Workbook

Sheet vo_1111
A1: ORDERNUMBER | B1: QUANTITYORDERED | C1: PRICEEACH | D1: ORDERLINENUMBER | E1: ORDERDATETIME | F1: DELIVERYDATETIME | G1: STATUS | H1: PRODUCTLINE | I1: CITY | J1: STATE | K1: POSTALCODE | L1: COUNTRY | M1: TERRITORY | N1: CONTACTLASTNAME | O1: CONTACTFIRSTNAME | P1: full name | Q1: full_name | R1: DEALSIZE | S1: len_text | T1: trim_text | U1: upper_text | V1: lower_text | W1: proper_text | X1: left_text | Y1: right_text | Z1: mid_text | AA1: mid_text2
A2: 10107 | B2: 30 | C2: 95.7 | D2: 2 | E2: 41623.035 | F2: 41625.381 | G2: Shipped | H2: Motorcycles | I2: NYC | J2: NY | K2: 10022 | L2: USA | M2: NA | N2: Yu | O2: Kwai | P2: =CONCATENATE(O2," ",N2) -> Kwai Yu | Q2: =O2&" "&N2 -> Kwai Yu | R2: Small | S2: =LEN(R2) -> 5 | T2: =TRIM(R2) -> Small | U2: =UPPER(T2) -> SMALL | V2: =LOWER(U2) -> small | W2: =PROPER(V2) -> Small | X2: =LEFT(A2,2) -> 10 | Y2: =RIGHT(A2,3) -> 107 | Z2: =MID(H2,6,6) -> cycles | AA2: =MID(G2,4,3) -> ppe
A3: 10121 | B3: 34 | C3: 81.35 | D3: 5 | E3: 41758.986 | F3: 41760.534 | G3: Shipped | H3: Motorcycles | I3: Reims | K3: 51100 | L3: France | M3: EMEA | N3: Henriot | O3: Paul | P3: =CONCATENATE(O3," ",N3) -> Paul Henriot | Q3: =O3&" "&N3 -> Paul Henriot | R3: Small | S3: =LEN(R3) -> 5 | T3: =TRIM(R3) -> Small | U3: =UPPER(T3) -> SMALL | V3: =LOWER(U3) -> small | W3: =PROPER(V3) -> Small | X3: =LEFT(A3,2) -> 10 | Y3: =RIGHT(A3,3) -> 121 | Z3: =MID(H3,6,6) -> cycles | AA3: =MID(G3,4,3) -> ppe
A4: 10134 | B4: 41 | C4: 94.74 | D4: 2 | E4: 41273.015 | F4: 41273.983 | G4: Shipped | H4: Motorcycles | I4: Paris | K4: 75508 | L4: France | M4: EMEA | N4: Da Cunha | O4: Daniel | P4: =CONCATENATE(O4," ",N4) -> Daniel Da Cunha | Q4: =O4&" "&N4 -> Daniel Da Cunha | R4: Medium | S4: =LEN(R4) -> 6 | T4: =TRIM(R4) -> Medium | U4: =UPPER(T4) -> MEDIUM | V4: =LOWER(U4) -> medium | W4: =PROPER(V4) -> Medium | X4: =LEFT(A4,2) -> 10 | Y4: =RIGHT(A4,3) -> 134 | Z4: =MID(H4,6,6) -> cycles | AA4: =MID(G4,4,3) -> ppe
A5: 10145 | B5: 45 | C5: 83.26 | D5: 6 | E5: 41971.022 | F5: 41972.256 | G5: Shipped | H5: Motorcycles | I5: Pasadena | J5: CA | K5: 90003 | L5: USA | M5: NA | N5: Young | O5: Julie | P5: =CONCATENATE(O5," ",N5) -> Julie Young | Q5: =O5&" "&N5 -> Julie Young | R5: Medium | S5: =LEN(R5) -> 6 | T5: =TRIM(R5) -> Medium | U5: =UPPER(T5) -> MEDIUM | V5: =LOWER(U5) -> medium | W5: =PROPER(V5) -> Medium | X5: =LEFT(A5,2) -> 10 | Y5: =RIGHT(A5,3) -> 145 | Z5: =MID(H5,6,6) -> cycles | AA5: =MID(G5,4,3) -> ppe
A6: 10159 | B6: 49 | C6: 100 | D6: 14 | E6: 41573.966 | F6: 41574.512 | G6: Shipped | H6: Motorcycles | I6: San Francisco | J6: CA | L6: USA | M6: NA | N6: Brown | O6: Julie | P6: =CONCATENATE(O6," ",N6) -> Julie Brown | Q6: =O6&" "&N6 -> Julie Brown | R6: Medium | S6: =LEN(R6) -> 6 | T6: =TRIM(R6) -> Medium | U6: =UPPER(T6) -> MEDIUM | V6: =LOWER(U6) -> medium | W6: =PROPER(V6) -> Medium | X6: =LEFT(A6,2) -> 10 | Y6: =RIGHT(A6,3) -> 159 | Z6: =MID(H6,6,6) -> cycles | AA6: =MID(G6,4,3) -> ppe
A7: 10168 | B7: 36 | C7: 96.66 | D7: 1 | E7: 42437.953 | F7: 42438.268 | G7: Shipped | H7: Motorcycles | I7: Burlingame | J7: CA | K7: 94217 | L7: USA | M7: NA | N7: Hirano | O7: Juri | P7: =CONCATENATE(O7," ",N7) -> Juri Hirano | Q7: =O7&" "&N7 -> Juri Hirano | R7: Medium | S7: =LEN(R7) -> 6 | T7: =TRIM(R7) -> Medium | U7: =UPPER(T7) -> MEDIUM | V7: =LOWER(U7) -> medium | W7: =PROPER(V7) -> Medium | X7: =LEFT(A7,2) -> 10 | Y7: =RIGHT(A7,3) -> 168 | Z7: =MID(H7,6,6) -> cycles | AA7: =MID(G7,4,3) -> ppe
A8: 10180 | B8: 29 | C8: 86.13 | D8: 9 | E8: 41688.016 | F8: 41688.798 | G8: Shipped | H8: Motorcycles | I8: Lille | K8: 59000 | L8: France | M8: EMEA | N8: Rance | O8: Martine | P8: =CONCATENATE(O8," ",N8) -> Martine Rance | Q8: =O8&" "&N8 -> Martine Rance | R8: Small | S8: =LEN(R8) -> 5 | T8: =TRIM(R8) -> Small | U8: =UPPER(T8) -> SMALL | V8: =LOWER(U8) -> small | W8: =PROPER(V8) -> Small | X8: =LEFT(A8,2) -> 10 | Y8: =RIGHT(A8,3) -> 180 | Z8: =MID(H8,6,6) -> cycles | AA8: =MID(G8,4,3) -> ppe
A9: 10188 | B9: 48 | C9: 100 | D9: 1 | E9: 41236.049 | F9: 41238.118 | G9: Shipped | H9: Motorcycles | I9: Bergen | K9: N 5804 | L9: Norway | M9: EMEA | N9: Oeztan | O9: Veysel | P9: =CONCATENATE(O9," ",N9) -> Veysel Oeztan | Q9: =O9&" "&N9 -> Veysel Oeztan | R9: Medium | S9: =LEN(R9) -> 6 | T9: =TRIM(R9) -> Medium | U9: =UPPER(T9) -> MEDIUM | V9: =LOWER(U9) -> medium | W9: =PROPER(V9) -> Medium | X9: =LEFT(A9,2) -> 10 | Y9: =RIGHT(A9,3) -> 188 | Z9: =MID(H9,6,6) -> cycles | AA9: =MID(G9,4,3) -> ppe
A10: 10201 | B10: 22 | C10: 98.57 | D10: 2 | E10: 41996.056 | F10: 41998.395 | G10: Shipped | H10: Motorcycles | I10: San Francisco | J10: CA | L10: USA | M10: NA | N10: Murphy | O10: Julie | P10: =CONCATENATE(O10," ",N10) -> Julie Murphy | Q10: =O10&" "&N10 -> Julie Murphy | R10: Small | S10: =LEN(R10) -> 5 | T10: =TRIM(R10) -> Small | U10: =UPPER(T10) -> SMALL | V10: =LOWER(U10) -> small | W10: =PROPER(V10) -> Small | X10: =LEFT(A10,2) -> 10 | Y10: =RIGHT(A10,3) -> 201 | Z10: =MID(H10,6,6) -> cycles | AA10: =MID(G10,4,3) -> ppe
A11: 10211 | B11: 41 | C11: 100 | D11: 14 | E11: 41216.99 | F11: 41219.944 | G11: Shipped | H11: Motorcycles | I11: Paris | K11: 75016 | L11: France | M11: EMEA | N11: Perrier | O11: Dominique | P11: =CONCATENATE(O11," ",N11) -> Dominique Perrier | Q11: =O11&" "&N11 -> Dominique Perrier | R11: Medium | S11: =LEN(R11) -> 6 | T11: =TRIM(R11) -> Medium | U11: =UPPER(T11) -> MEDIUM | V11: =LOWER(U11) -> medium | W11: =PROPER(V11) -> Medium | X11: =LEFT(A11,2) -> 10 | Y11: =RIGHT(A11,3) -> 211 | Z11: =MID(H11,6,6) -> cycles | AA11: =MID(G11,4,3) -> ppe
A12: 10223 | B12: 37 | C12: 100 | D12: 1 | E12: 41481.008 | F12: 41481.041 | G12: Shipped | H12: Motorcycles | I12: Melbourne | J12: Victoria | K12: 3004 | L12: Australia | M12: APAC | N12: Ferguson | O12: Peter | P12: =CONCATENATE(O12," ",N12) -> Peter Ferguson | Q12: =O12&" "&N12 -> Peter Ferguson | R12: Medium | S12: =LEN(R12) -> 6 | T12: =TRIM(R12) -> Medium | U12: =UPPER(T12) -> MEDIUM | V12: =LOWER(U12) -> medium | W12: =PROPER(V12) -> Medium | X12: =LEFT(A12,2) -> 10 | Y12: =RIGHT(A12,3) -> 223 | Z12: =MID(H12,6,6) -> cycles | AA12: =MID(G12,4,3) -> ppe
A13: 10237 | B13: 23 | C13: 100 | D13: 7 | E13: 41626.027 | F13: 41628.627 | G13: Shipped | H13: Motorcycles | I13: NYC | J13: NY | K13: 10022 | L13: USA | M13: NA | N13: Frick | O13: Michael | P13: =CONCATENATE(O13," ",N13) -> Michael Frick | Q13: =O13&" "&N13 -> Michael Frick | R13: Small | S13: =LEN(R13) -> 5 | T13: =TRIM(R13) -> Small | U13: =UPPER(T13) -> SMALL | V13: =LOWER(U13) -> small | W13: =PROPER(V13) -> Small | X13: =LEFT(A13,2) -> 10 | Y13: =RIGHT(A13,3) -> 237 | Z13: =MID(H13,6,6) -> cycles | AA13: =MID(G13,4,3) -> ppe
A14: 10251 | B14: 28 | C14: 100 | D14: 2 | E14: 41430.045 | F14: 41431.991 | G14: Shipped | H14: Motorcycles | I14: Newark | J14: NJ | K14: 94019 | L14: USA | M14: NA | N14: Brown | O14: William | P14: =CONCATENATE(O14," ",N14) -> William Brown | Q14: =O14&" "&N14 -> William Brown | R14: Medium | S14: =LEN(R14) -> 6 | T14: =TRIM(R14) -> Medium | U14: =UPPER(T14) -> MEDIUM | V14: =LOWER(U14) -> medium | W14: =PROPER(V14) -> Medium | X14: =LEFT(A14,2) -> 10 | Y14: =RIGHT(A14,3) -> 251 | Z14: =MID(H14,6,6) -> cycles | AA14: =MID(G14,4,3) -> ppe
A15: 10263 | B15: 34 | C15: 100 | D15: 2 | E15: 42701.937 | F15: 42702.929 | G15: Shipped | H15: Motorcycles | I15: Bridgewater | J15: CT | K15: 97562 | L15: USA | M15: NA | N15: King | O15: Julie | P15: =CONCATENATE(O15," ",N15) -> Julie King | Q15: =O15&" "&N15 -> Julie King | R15: Medium | S15: =LEN(R15) -> 6 | T15: =TRIM(R15) -> Medium | U15: =UPPER(T15) -> MEDIUM | V15: =LOWER(U15) -> medium | W15: =PROPER(V15) -> Medium | X15: =LEFT(A15,2) -> 10 | Y15: =RIGHT(A15,3) -> 263 | Z15: =MID(H15,6,6) -> cycles | AA15: =MID(G15,4,3) -> ppe
A16: 10275 | B16: 45 | C16: 92.83 | D16: 1 | E16: 42281.071 | F16: 42283.923 | G16: Shipped | H16: Motorcycles | I16: Nantes | K16: 44000 | L16: France | M16: EMEA | N16: Labrune | O16: Janine | P16: =CONCATENATE(O16," ",N16) -> Janine Labrune | Q16: =O16&" "&N16 -> Janine Labrune | R16: Medium | S16: =LEN(R16) -> 6 | T16: =TRIM(R16) -> Medium | U16: =UPPER(T16) -> MEDIUM | V16: =LOWER(U16) -> medium | W16: =PROPER(V16) -> Medium | X16: =LEFT(A16,2) -> 10 | Y16: =RIGHT(A16,3) -> 275 | Z16: =MID(H16,6,6) -> cycles | AA16: =MID(G16,4,3) -> ppe
A17: 10285 | B17: 36 | C17: 100 | D17: 6 | E17: 41145.967 | F17: 41147.999 | G17: Shipped | H17: Motorcycles | I17: Cambridge | J17: MA | K17: 51247 | L17: USA | M17: NA | N17: Hernandez | O17: Marta | P17: =CONCATENATE(O17," ",N17) -> Marta Hernandez | Q17: =O17&" "&N17 -> Marta Hernandez | R17: Medium | S17: =LEN(R17) -> 6 | T17: =TRIM(R17) -> Medium | U17: =UPPER(T17) -> MEDIUM | V17: =LOWER(U17) -> medium | W17: =PROPER(V17) -> Medium | X17: =LEFT(A17,2) -> 10 | Y17: =RIGHT(A17,3) -> 285 | Z17: =MID(H17,6,6) -> cycles | AA17: =MID(G17,4,3) -> ppe
A18: 10299 | B18: 23 | C18: 100 | D18: 9 | E18: 42296.953 | F18: 42297.525 | G18: Shipped | H18: Motorcycles | I18: Helsinki | K18: 21240 | L18: Finland | M18: EMEA | N18: Karttunen | O18: Matti | P18: =CONCATENATE(O18," ",N18) -> Matti Karttunen | Q18: =O18&" "&N18 -> Matti Karttunen | R18: Small | S18: =LEN(R18) -> 5 | T18: =TRIM(R18) -> Small | U18: =UPPER(T18) -> SMALL | V18: =LOWER(U18) -> small | W18: =PROPER(V18) -> Small | X18: =LEFT(A18,2) -> 10 | Y18: =RIGHT(A18,3) -> 299 | Z18: =MID(H18,6,6) -> cycles | AA18: =MID(G18,4,3) -> ppe
A19: 10309 | B19: 41 | C19: 100 | D19: 5 | E19: 41560.042 | F19: 41562.759 | G19: Shipped | H19: Motorcycles | I19: Stavern | K19: 4110 | L19: Norway | M19: EMEA | N19: Bergulfsen | O19: Jonas | P19: =CONCATENATE(O19," ",N19) -> Jonas Bergulfsen | Q19: =O19&" "&N19 -> Jonas Bergulfsen | R19: Medium | S19: =LEN(R19) -> 6 | T19: =TRIM(R19) -> Medium | U19: =UPPER(T19) -> MEDIUM | V19: =LOWER(U19) -> medium | W19: =PROPER(V19) -> Medium | X19: =LEFT(A19,2) -> 10 | Y19: =RIGHT(A19,3) -> 309 | Z19: =MID(H19,6,6) -> cycles | AA19: =MID(G19,4,3) -> ppe
A20: 10318 | B20: 46 | C20: 94.74 | D20: 1 | E20: 42388.94 | F20: 42390.231 | G20: Shipped | H20: Motorcycles | I20: Allentown | J20: PA | K20: 70267 | L20: USA | M20: NA | N20: Yu | O20: Kyung | P20: =CONCATENATE(O20," ",N20) -> Kyung Yu | Q20: =O20&" "&N20 -> Kyung Yu | R20: Medium | S20: =LEN(R20) -> 6 | T20: =TRIM(R20) -> Medium | U20: =UPPER(T20) -> MEDIUM | V20: =LOWER(U20) -> medium | W20: =PROPER(V20) -> Medium | X20: =LEFT(A20,2) -> 10 | Y20: =RIGHT(A20,3) -> 318 | Z20: =MID(H20,6,6) -> cycles | AA20: =MID(G20,4,3) -> ppe
A21: 10329 | B21: 42 | C21: 100 | D21: 1 | E21: 41715.969 | F21: 41717.956 | G21: Shipped | H21: Motorcycles | I21: NYC | J21: NY | K21: 10022 | L21: USA | M21: NA | N21: Yu | O21: Kwai | P21: =CONCATENATE(O21," ",N21) -> Kwai Yu | Q21: =O21&" "&N21 -> Kwai Yu | R21: Medium | S21: =LEN(R21) -> 6 | T21: =TRIM(R21) -> Medium | U21: =UPPER(T21) -> MEDIUM | V21: =LOWER(U21) -> medium | W21: =PROPER(V21) -> Medium | X21: =LEFT(A21,2) -> 10 | Y21: =RIGHT(A21,3) -> 329 | Z21: =MID(H21,6,6) -> cycles | AA21: =MID(G21,4,3) -> ppe
A22: 10341 | B22: 41 | C22: 100 | D22: 9 | E22: 41801.008 | F22: 41803.461 | G22: Shipped | H22: Motorcycles | I22: Salzburg | K22: 5020 | L22: Austria | M22: EMEA | N22: Pipps | O22: Georg | P22: =CONCATENATE(O22," ",N22) -> Georg Pipps | Q22: =O22&" "&N22 -> Georg Pipps | R22: Large | S22: =LEN(R22) -> 5 | T22: =TRIM(R22) -> Large | U22: =UPPER(T22) -> LARGE | V22: =LOWER(U22) -> large | W22: =PROPER(V22) -> Large | X22: =LEFT(A22,2) -> 10 | Y22: =RIGHT(A22,3) -> 341 | Z22: =MID(H22,6,6) -> cycles | AA22: =MID(G22,4,3) -> ppe
A23: 10361 | B23: 20 | C23: 72.55 | D23: 13 | E23: 41662.012 | F23: 41664.999 | G23: Shipped | H23: Motorcycles | I23: Chatswood | J23: NSW | K23: 2067 | L23: Australia | M23: APAC | N23: Huxley | O23: Adrian | P23: =CONCATENATE(O23," ",N23) -> Adrian Huxley | Q23: =O23&" "&N23 -> Adrian Huxley | R23: Small | S23: =LEN(R23) -> 5 | T23: =TRIM(R23) -> Small | U23: =UPPER(T23) -> SMALL | V23: =LOWER(U23) -> small | W23: =PROPER(V23) -> Small | X23: =LEFT(A23,2) -> 10 | Y23: =RIGHT(A23,3) -> 361 | Z23: =MID(H23,6,6) -> cycles | AA23: =MID(G23,4,3) -> ppe
A24: 10375 | B24: 21 | C24: 34.91 | D24: 12 | E24: 42053.024 | F24: 42053.126 | G24: Shipped | H24: Motorcycles | I24: Nantes | K24: 44000 | L24: France | M24: EMEA | N24: Labrune | O24: Janine | P24: =CONCATENATE(O24," ",N24) -> Janine Labrune | Q24: =O24&" "&N24 -> Janine Labrune | R24: Small | S24: =LEN(R24) -> 5 | T24: =TRIM(R24) -> Small | U24: =UPPER(T24) -> SMALL | V24: =LOWER(U24) -> small | W24: =PROPER(V24) -> Small | X24: =LEFT(A24,2) -> 10 | Y24: =RIGHT(A24,3) -> 375 | Z24: =MID(H24,6,6) -> cycles | AA24: =MID(G24,4,3) -> ppe
A25: 10388 | B25: 42 | C25: 76.36 | D25: 4 | E25: 41527.004 | F25: 41529.461 | G25: Shipped | H25: Motorcycles | I25: New Bedford | J25: MA | K25: 50553 | L25: USA | M25: NA | N25: Benitez | O25: Violeta | P25: =CONCATENATE(O25," ",N25) -> Violeta Benitez | Q25: =O25&" "&N25 -> Violeta Benitez | R25: Medium | S25: =LEN(R25) -> 6 | T25: =TRIM(R25) -> Medium | U25: =UPPER(T25) -> MEDIUM | V25: =LOWER(U25) -> medium | W25: =PROPER(V25) -> Medium | X25: =LEFT(A25,2) -> 10 | Y25: =RIGHT(A25,3) -> 388 | Z25: =MID(H25,6,6) -> cycles | AA25: =MID(G25,4,3) -> ppe
A26: 10403 | B26: 24 | C26: 100 | D26: 7 | E26: 41351.083 | F26: 41353.269 | G26: Shipped | H26: Motorcycles | I26: Liverpool | K26: WX1 6LT | L26: UK | M26: EMEA | N26: Devon | O26: Elizabeth | P26: =CONCATENATE(O26," ",N26) -> Elizabeth Devon | Q26: =O26&" "&N26 -> Elizabeth Devon | R26: Small | S26: =LEN(R26) -> 5 | T26: =TRIM(R26) -> Small | U26: =UPPER(T26) -> SMALL | V26: =LOWER(U26) -> small | W26: =PROPER(V26) -> Small | X26: =LEFT(A26,2) -> 10 | Y26: =RIGHT(A26,3) -> 403 | Z26: =MID(H26,6,6) -> cycles | AA26: =MID(G26,4,3) -> ppe
A27: 10417 | B27: 66 | C27: 100 | D27: 2 | E27: 41793.042 | F27: 41795.19 | G27: Disputed | H27: Motorcycles | I27: Madrid | K27: 28034 | L27: Spain | M27: EMEA | N27: Freyre | O27: Diego | P27: =CONCATENATE(O27," ",N27) -> Diego Freyre | Q27: =O27&" "&N27 -> Diego Freyre | R27: Large | S27: =LEN(R27) -> 5 | T27: =TRIM(R27) -> Large | U27: =UPPER(T27) -> LARGE | V27: =LOWER(U27) -> large | W27: =PROPER(V27) -> Large | X27: =LEFT(A27,2) -> 10 | Y27: =RIGHT(A27,3) -> 417 | Z27: =MID(H27,6,6) -> cycles | AA27: =MID(G27,4,3) -> put
A28: 10103 | B28: 26 | C28: 100 | D28: 11 | E28: 42582.972 | F28: 42585.098 | G28: Shipped | H28: Classic Cars | I28: Stavern | K28: 4110 | L28: Norway | M28: EMEA | N28: Bergulfsen | O28: Jonas | P28: =CONCATENATE(O28," ",N28) -> Jonas Bergulfsen | Q28: =O28&" "&N28 -> Jonas Bergulfsen | R28: Medium | S28: =LEN(R28) -> 6 | T28: =TRIM(R28) -> Medium | U28: =UPPER(T28) -> MEDIUM | V28: =LOWER(U28) -> medium | W28: =PROPER(V28) -> Medium | X28: =LEFT(A28,2) -> 10 | Y28: =RIGHT(A28,3) -> 103 | Z28: =MID(H28,6,6) -> ic Car | AA28: =MID(G28,4,3) -> ppe
A29: 10112 | B29: 29 | C29: 100 | D29: 1 | E29: 41973.958 | F29: 41975.813 | G29: Shipped | H29: Classic Cars | I29: Lule | K29: S-958 22 | L29: Sweden | M29: EMEA | N29: Berglund | O29: Christina | P29: =CONCATENATE(O29," ",N29) -> Christina Berglund | Q29: =O29&" "&N29 -> Christina Berglund | R29: Large | S29: =LEN(R29) -> 5 | T29: =TRIM(R29) -> Large | U29: =UPPER(T29) -> LARGE | V29: =LOWER(U29) -> large | W29: =PROPER(V29) -> Large | X29: =LEFT(A29,2) -> 10 | Y29: =RIGHT(A29,3) -> 112 | Z29: =MID(H29,6,6) -> ic Car | AA29: =MID(G29,4,3) -> ppe
A30: 10126 | B30: 38 | C30: 100 | D30: 11 | E30: 42682.012 | F30: 42682.66 | G30: Shipped | H30: Classic Cars | I30: Madrid | K30: 28023 | L30: Spain | M30: EMEA | N30: Sommer | O30: MartÂ¡n | P30: =CONCATENATE(O30," ",N30) -> MartÂ¡n Sommer | Q30: =O30&" "&N30 -> MartÂ¡n Sommer | R30: Large | S30: =LEN(R30) -> 5 | T30: =TRIM(R30) -> Large | U30: =UPPER(T30) -> LARGE | V30: =LOWER(U30) -> large | W30: =PROPER(V30) -> Large | X30: =LEFT(A30,2) -> 10 | Y30: =RIGHT(A30,3) -> 126 | Z30: =MID(H30,6,6) -> ic Car | AA30: =MID(G30,4,3) -> ppe
A31: 10140 | B31: 37 | C31: 100 | D31: 11 | E31: 41719.956 | F31: 41721.261 | G31: Shipped | H31: Classic Cars | I31: Burlingame | J31: CA | K31: 94217 | L31: USA | M31: NA | N31: Hirano | O31: Juri | P31: =CONCATENATE(O31," ",N31) -> Juri Hirano | Q31: =O31&" "&N31 -> Juri Hirano | R31: Large | S31: =LEN(R31) -> 5 | T31: =TRIM(R31) -> Large | U31: =UPPER(T31) -> LARGE | V31: =LOWER(U31) -> large | W31: =PROPER(V31) -> Large | X31: =LEFT(A31,2) -> 10 | Y31: =RIGHT(A31,3) -> 140 | Z31: =MID(H31,6,6) -> ic Car | AA31: =MID(G31,4,3) -> ppe
A32: 10150 | B32: 45 | C32: 100 | D32: 8 | E32: 41349.972 | F32: 41350.677 | G32: Shipped | H32: Classic Cars | I32: Singapore | K32: 79903 | L32: Singapore | M32: Japan | N32: Natividad | O32: Eric | P32: =CONCATENATE(O32," ",N32) -> Eric Natividad | Q32: =O32&" "&N32 -> Eric Natividad | R32: Large | S32: =LEN(R32) -> 5 | T32: =TRIM(R32) -> Large | U32: =UPPER(T32) -> LARGE | V32: =LOWER(U32) -> large | W32: =PROPER(V32) -> Large | X32: =LEFT(A32,2) -> 10 | Y32: =RIGHT(A32,3) -> 150 | Z32: =MID(H32,6,6) -> ic Car | AA32: =MID(G32,4,3) -> ppe
A33: 10163 | B33: 21 | C33: 100 | D33: 1 | E33: 41336.04 | F33: 41338.809 | G33: Shipped | H33: Classic Cars | I33: NYC | J33: NY | K33: 10022 | L33: USA | M33: NA | N33: Hernandez | O33: Maria | P33: =CONCATENATE(O33," ",N33) -> Maria Hernandez | Q33: =O33&" "&N33 -> Maria Hernandez | R33: Medium | S33: =LEN(R33) -> 6 | T33: =TRIM(R33) -> Medium | U33: =UPPER(T33) -> MEDIUM | V33: =LOWER(U33) -> medium | W33: =PROPER(V33) -> Medium | X33: =LEFT(A33,2) -> 10 | Y33: =RIGHT(A33,3) -> 163 | Z33: =MID(H33,6,6) -> ic Car | AA33: =MID(G33,4,3) -> ppe
A34: 10174 | B34: 34 | C34: 100 | D34: 4 | E34: 40959.986 | F34: 40960.349 | G34: Shipped | H34: Classic Cars | I34: South Brisbane | J34: Queensland | K34: 4101 | L34: Australia | M34: APAC | N34: Calaghan | O34: Tony | P34: =CONCATENATE(O34," ",N34) -> Tony Calaghan | Q34: =O34&" "&N34 -> Tony Calaghan | R34: Large | S34: =LEN(R34) -> 5 | T34: =TRIM(R34) -> Large | U34: =UPPER(T34) -> LARGE | V34: =LOWER(U34) -> large | W34: =PROPER(V34) -> Large | X34: =LEFT(A34,2) -> 10 | Y34: =RIGHT(A34,3) -> 174 | Z34: =MID(H34,6,6) -> ic Car | AA34: =MID(G34,4,3) -> ppe
A35: 10183 | B35: 23 | C35: 100 | D35: 8 | E35: 42188.031 | F35: 42189.155 | G35: Shipped | H35: Classic Cars | I35: Philadelphia | J35: PA | K35: 71270 | L35: USA | M35: NA | N35: Cervantes | O35: Francisca | P35: =CONCATENATE(O35," ",N35) -> Francisca Cervantes | Q35: =O35&" "&N35 -> Francisca Cervantes | R35: Medium | S35: =LEN(R35) -> 6 | T35: =TRIM(R35) -> Medium | U35: =UPPER(T35) -> MEDIUM | V35: =LOWER(U35) -> medium | W35: =PROPER(V35) -> Medium | X35: =LEFT(A35,2) -> 10 | Y35: =RIGHT(A35,3) -> 183 | Z35: =MID(H35,6,6) -> ic Car | AA35: =MID(G35,4,3) -> ppe
A36: 10194 | B36: 42 | C36: 100 | D36: 11 | E36: 42287.036 | F36: 42288.76 | G36: Shipped | H36: Classic Cars | I36: Lyon | K36: 69004 | L36: France | M36: EMEA | N36: Saveley | O36: Mary | P36: =CONCATENATE(O36," ",N36) -> Mary Saveley | Q36: =O36&" "&N36 -> Mary Saveley | R36: Large | S36: =LEN(R36) -> 5 | T36: =TRIM(R36) -> Large | U36: =UPPER(T36) -> LARGE | V36: =LOWER(U36) -> large | W36: =PROPER(V36) -> Large | X36: =LEFT(A36,2) -> 10 | Y36: =RIGHT(A36,3) -> 194 | Z36: =MID(H36,6,6) -> ic Car | AA36: =MID(G36,4,3) -> ppe
A37: 10206 | B37: 47 | C37: 100 | D37: 6 | E37: 42304.047 | F37: 42306.867 | G37: Shipped | H37: Classic Cars | I37: Vancouver | J37: BC | K37: V3F 2K1 | L37: Canada | M37: NA | N37: Tannamuri | O37: Yoshi | P37: =CONCATENATE(O37," ",N37) -> Yoshi Tannamuri | Q37: =O37&" "&N37 -> Yoshi Tannamuri | R37: Large | S37: =LEN(R37) -> 5 | T37: =TRIM(R37) -> Large | U37: =UPPER(T37) -> LARGE | V37: =LOWER(U37) -> large | W37: =PROPER(V37) -> Large | X37: =LEFT(A37,2) -> 10 | Y37: =RIGHT(A37,3) -> 206 | Z37: =MID(H37,6,6) -> ic Car | AA37: =MID(G37,4,3) -> ppe
A38: 10215 | B38: 35 | C38: 100 | D38: 3 | E38: 41820.051 | F38: 41822.995 | G38: Shipped | H38: Classic Cars | I38: Burbank | J38: CA | K38: 94019 | L38: USA | M38: NA | N38: Thompson | O38: Steve | P38: =CONCATENATE(O38," ",N38) -> Steve Thompson | Q38: =O38&" "&N38 -> Steve Thompson | R38: Medium | S38: =LEN(R38) -> 6 | T38: =TRIM(R38) -> Medium | U38: =UPPER(T38) -> MEDIUM | V38: =LOWER(U38) -> medium | W38: =PROPER(V38) -> Medium | X38: =LEFT(A38,2) -> 10 | Y38: =RIGHT(A38,3) -> 215 | Z38: =MID(H38,6,6) -> ic Car | AA38: =MID(G38,4,3) -> ppe
A39: 10228 | B39: 29 | C39: 100 | D39: 2 | E39: 41583.076 | F39: 41584.418 | G39: Shipped | H39: Classic Cars | I39: Cambridge | J39: MA | K39: 51247 | L39: USA | M39: NA | N39: Tseng | O39: Kyung | P39: =CONCATENATE(O39," ",N39) -> Kyung Tseng | Q39: =O39&" "&N39 -> Kyung Tseng | R39: Medium | S39: =LEN(R39) -> 6 | T39: =TRIM(R39) -> Medium | U39: =UPPER(T39) -> MEDIUM | V39: =LOWER(U39) -> medium | W39: =PROPER(V39) -> Medium | X39: =LEFT(A39,2) -> 10 | Y39: =RIGHT(A39,3) -> 228 | Z39: =MID(H39,6,6) -> ic Car | AA39: =MID(G39,4,3) -> ppe
A40: 10245 | B40: 34 | C40: 100 | D40: 9 | E40: 41573.008 | F40: 41574.497 | G40: Shipped | H40: Classic Cars | I40: New Haven | J40: CT | K40: 97823 | L40: USA | M40: NA | N40: Murphy | O40: Leslie | P40: =CONCATENATE(O40," ",N40) -> Leslie Murphy | Q40: =O40&" "&N40 -> Leslie Murphy | R40: Medium | S40: =LEN(R40) -> 6 | T40: =TRIM(R40) -> Medium | U40: =UPPER(T40) -> MEDIUM | V40: =LOWER(U40) -> medium | W40: =PROPER(V40) -> Medium | X40: =LEFT(A40,2) -> 10 | Y40: =RIGHT(A40,3) -> 245 | Z40: =MID(H40,6,6) -> ic Car | AA40: =MID(G40,4,3) -> ppe
A41: 10258 | B41: 32 | C41: 100 | D41: 6 | E41: 42497.005 | F41: 42497.207 | G41: Shipped | H41: Classic Cars | I41: Minato-ku | J41: Tokyo | K41: 106-0032 | L41: Japan | M41: Japan | N41: Shimamura | O41: Akiko | P41: =CONCATENATE(O41," ",N41) -> Akiko Shimamura | Q41: =O41&" "&N41 -> Akiko Shimamura | R41: Large | S41: =LEN(R41) -> 5 | T41: =TRIM(R41) -> Large | U41: =UPPER(T41) -> LARGE | V41: =LOWER(U41) -> large | W41: =PROPER(V41) -> Large | X41: =LEFT(A41,2) -> 10 | Y41: =RIGHT(A41,3) -> 258 | Z41: =MID(H41,6,6) -> ic Car | AA41: =MID(G41,4,3) -> ppe
A42: 10270 | B42: 21 | C42: 100 | D42: 9 | E42: 40956.034 | F42: 40956.97 | G42: Shipped | H42: Classic Cars | I42: Chatswood | J42: NSW | K42: 2067 | L42: Australia | M42: APAC | N42: Huxley | O42: Adrian | P42: =CONCATENATE(O42," ",N42) -> Adrian Huxley | Q42: =O42&" "&N42 -> Adrian Huxley | R42: Medium | S42: =LEN(R42) -> 6 | T42: =TRIM(R42) -> Medium | U42: =UPPER(T42) -> MEDIUM | V42: =LOWER(U42) -> medium | W42: =PROPER(V42) -> Medium | X42: =LEFT(A42,2) -> 10 | Y42: =RIGHT(A42,3) -> 270 | Z42: =MID(H42,6,6) -> ic Car | AA42: =MID(G42,4,3) -> ppe
A43: 10280 | B43: 34 | C43: 100 | D43: 2 | E43: 41328.037 | F43: 41328.049 | G43: Shipped | H43: Classic Cars | I43: Torino | K43: 10100 | L43: Italy | M43: EMEA | N43: Accorti | O43: Paolo | P43: =CONCATENATE(O43," ",N43) -> Paolo Accorti | Q43: =O43&" "&N43 -> Paolo Accorti | R43: Large | S43: =LEN(R43) -> 5 | T43: =TRIM(R43) -> Large | U43: =UPPER(T43) -> LARGE | V43: =LOWER(U43) -> large | W43: =PROPER(V43) -> Large | X43: =LEFT(A43,2) -> 10 | Y43: =RIGHT(A43,3) -> 280 | Z43: =MID(H43,6,6) -> ic Car | AA43: =MID(G43,4,3) -> ppe
A44: 10291 | B44: 37 | C44: 100 | D44: 11 | E44: 41293.047 | F44: 41296.001 | G44: Shipped | H44: Classic Cars | I44: Boras | K44: S-844 67 | L44: Sweden | M44: EMEA | N44: Larsson | O44: Maria | P44: =CONCATENATE(O44," ",N44) -> Maria Larsson | Q44: =O44&" "&N44 -> Maria Larsson | R44: Large | S44: =LEN(R44) -> 5 | T44: =TRIM(R44) -> Large | U44: =UPPER(T44) -> LARGE | V44: =LOWER(U44) -> large | W44: =PROPER(V44) -> Large | X44: =LEFT(A44,2) -> 10 | Y44: =RIGHT(A44,3) -> 291 | Z44: =MID(H44,6,6) -> ic Car | AA44: =MID(G44,4,3) -> ppe
A45: 10304 | B45: 47 | C45: 100 | D45: 6 | E45: 41594.99 | F45: 41596.998 | G45: Shipped | H45: Classic Cars | I45: Versailles | K45: 78000 | L45: France | M45: EMEA | N45: Tonini | O45: Daniel | P45: =CONCATENATE(O45," ",N45) -> Daniel Tonini | Q45: =O45&" "&N45 -> Daniel Tonini | R45: Large | S45: =LEN(R45) -> 5 | T45: =TRIM(R45) -> Large | U45: =UPPER(T45) -> LARGE | V45: =LOWER(U45) -> large | W45: =PROPER(V45) -> Large | X45: =LEFT(A45,2) -> 10 | Y45: =RIGHT(A45,3) -> 304 | Z45: =MID(H45,6,6) -> ic Car | AA45: =MID(G45,4,3) -> ppe
A46: 10312 | B46: 48 | C46: 100 | D46: 3 | E46: 42552.988 | F46: 42554.333 | G46: Shipped | H46: Classic Cars | I46: San Rafael | J46: CA | K46: 97562 | L46: USA | M46: NA | N46: Nelson | O46: Valarie | P46: =CONCATENATE(O46," ",N46) -> Valarie Nelson | Q46: =O46&" "&N46 -> Valarie Nelson | R46: Large | S46: =LEN(R46) -> 5 | T46: =TRIM(R46) -> Large | U46: =UPPER(T46) -> LARGE | V46: =LOWER(U46) -> large | W46: =PROPER(V46) -> Large | X46: =LEFT(A46,2) -> 10 | Y46: =RIGHT(A46,3) -> 312 | Z46: =MID(H46,6,6) -> ic Car | AA46: =MID(G46,4,3) -> ppe
A47: 10322 | B47: 40 | C47: 100 | D47: 1 | E47: 41058.019 | F47: 41058.928 | G47: Shipped | H47: Classic Cars | I47: Nashua | J47: NH | K47: 62005 | L47: USA | M47: NA | N47: Young | O47: Valarie | P47: =CONCATENATE(O47," ",N47) -> Valarie Young | Q47: =O47&" "&N47 -> Valarie Young | R47: Medium | S47: =LEN(R47) -> 6 | T47: =TRIM(R47) -> Medium | U47: =UPPER(T47) -> MEDIUM | V47: =LOWER(U47) -> medium | W47: =PROPER(V47) -> Medium | X47: =LEFT(A47,2) -> 10 | Y47: =RIGHT(A47,3) -> 322 | Z47: =MID(H47,6,6) -> ic Car | AA47: =MID(G47,4,3) -> ppe
A48: 10333 | B48: 26 | C48: 100 | D48: 3 | E48: 41177.99 | F48: 41179.848 | G48: Shipped | H48: Classic Cars | I48: San Francisco | J48: CA | L48: USA | M48: NA | N48: Murphy | O48: Julie | P48: =CONCATENATE(O48," ",N48) -> Julie Murphy | Q48: =O48&" "&N48 -> Julie Murphy | R48: Medium | S48: =LEN(R48) -> 6 | T48: =TRIM(R48) -> Medium | U48: =UPPER(T48) -> MEDIUM | V48: =LOWER(U48) -> medium | W48: =PROPER(V48) -> Medium | X48: =LEFT(A48,2) -> 10 | Y48: =RIGHT(A48,3) -> 333 | Z48: =MID(H48,6,6) -> ic Car | AA48: =MID(G48,4,3) -> ppe
A49: 10347 | B49: 30 | C49: 100 | D49: 1 | E49: 41770.022 | F49: 41771.652 | G49: Shipped | H49: Classic Cars | I49: Melbourne | J49: Victoria | K49: 3004 | L49: Australia | M49: APAC | N49: Ferguson | O49: Peter | P49: =CONCATENATE(O49," ",N49) -> Peter Ferguson | Q49: =O49&" "&N49 -> Peter Ferguson | R49: Medium | S49: =LEN(R49) -> 6 | T49: =TRIM(R49) -> Medium | U49: =UPPER(T49) -> MEDIUM | V49: =LOWER(U49) -> medium | W49: =PROPER(V49) -> Medium | X49: =LEFT(A49,2) -> 10 | Y49: =RIGHT(A49,3) -> 347 | Z49: =MID(H49,6,6) -> ic Car | AA49: =MID(G49,4,3) -> ppe
A50: 10357 | B50: 32 | C50: 100 | D50: 10 | E50: 41293.963 | F50: 41294.811 | G50: Shipped | H50: Classic Cars | I50: San Rafael | J50: CA | K50: 97562 | L50: USA | M50: NA | N50: Nelson | O50: Valarie | P50: =CONCATENATE(O50," ",N50) -> Valarie Nelson | Q50: =O50&" "&N50 -> Valarie Nelson | R50: Medium | S50: =LEN(R50) -> 6 | T50: =TRIM(R50) -> Medium | U50: =UPPER(T50) -> MEDIUM | V50: =LOWER(U50) -> medium | W50: =PROPER(V50) -> Medium | X50: =LEFT(A50,2) -> 10 | Y50: =RIGHT(A50,3) -> 357 | Z50: =MID(H50,6,6) -> ic Car | AA50: =MID(G50,4,3) -> ppe
A51: 10369 | B51: 41 | C51: 100 | D51: 2 | E51: 41918.986 | F51: 41921.694 | G51: Shipped | H51: Classic Cars | I51: Brickhaven | J51: MA | K51: 58339 | L51: USA | M51: NA | N51: Nelson | O51: Allen | P51: =CONCATENATE(O51," ",N51) -> Allen Nelson | Q51: =O51&" "&N51 -> Allen Nelson | R51: Medium | S51: =LEN(R51) -> 6 | T51: =TRIM(R51) -> Medium | U51: =UPPER(T51) -> MEDIUM | V51: =LOWER(U51) -> medium | W51: =PROPER(V51) -> Medium | X51: =LEFT(A51,2) -> 10 | Y51: =RIGHT(A51,3) -> 369 | Z51: =MID(H51,6,6) -> ic Car | AA51: =MID(G51,4,3) -> ppe
A52: 10381 | B52: 36 | C52: 100 | D52: 3 | E52: 41046.099 | F52: 41048.594 | G52: Shipped | H52: Classic Cars | I52: San Francisco | J52: CA | L52: USA | M52: NA | N52: Brown | O52: Julie | P52: =CONCATENATE(O52," ",N52) -> Julie Brown | Q52: =O52&" "&N52 -> Julie Brown | R52: Large | S52: =LEN(R52) -> 5 | T52: =TRIM(R52) -> Large | U52: =UPPER(T52) -> LARGE | V52: =LOWER(U52) -> large | W52: =PROPER(V52) -> Large | X52: =LEFT(A52,2) -> 10 | Y52: =RIGHT(A52,3) -> 381 | Z52: =MID(H52,6,6) -> ic Car | AA52: =MID(G52,4,3) -> ppe
A53: 10391 | B53: 24 | C53: 100 | D53: 4 | E53: 42295.04 | F53: 42296.314 | G53: Shipped | H53: Classic Cars | I53: North Sydney | J53: NSW | K53: 2060 | L53: Australia | M53: APAC | N53: O'Hara | O53: Anna | P53: =CONCATENATE(O53," ",N53) -> Anna O'Hara | Q53: =O53&" "&N53 -> Anna O'Hara | R53: Small | S53: =LEN(R53) -> 5 | T53: =TRIM(R53) -> Small | U53: =UPPER(T53) -> SMALL | V53: =LOWER(U53) -> small | W53: =PROPER(V53) -> Small | X53: =LEFT(A53,2) -> 10 | Y53: =RIGHT(A53,3) -> 391 | Z53: =MID(H53,6,6) -> ic Car | AA53: =MID(G53,4,3) -> ppe
A54: 10411 | B54: 23 | C54: 100 | D54: 9 | E54: 41755.992 | F54: 41756.962 | G54: Shipped | H54: Classic Cars | I54: Montreal | J54: Quebec | K54: H1J 1C3 | L54: Canada | M54: NA | N54: Fresnisre | O54: Jean | P54: =CONCATENATE(O54," ",N54) -> Jean Fresnisre | Q54: =O54&" "&N54 -> Jean Fresnisre | R54: Medium | S54: =LEN(R54) -> 6 | T54: =TRIM(R54) -> Medium | U54: =UPPER(T54) -> MEDIUM | V54: =LOWER(U54) -> medium | W54: =PROPER(V54) -> Medium | X54: =LEFT(A54,2) -> 10 | Y54: =RIGHT(A54,3) -> 411 | Z54: =MID(H54,6,6) -> ic Car | AA54: =MID(G54,4,3) -> ppe
A55: 10424 | B55: 50 | C55: 100 | D55: 6 | E55: 40945.038 | F55: 40946.554 | G55: In Process | H55: Classic Cars | I55: Madrid | K55: 28034 | L55: Spain | M55: EMEA | N55: Freyre | O55: Diego | P55: =CONCATENATE(O55," ",N55) -> Diego Freyre | Q55: =O55&" "&N55 -> Diego Freyre | R55: Large | S55: =LEN(R55) -> 5 | T55: =TRIM(R55) -> Large | U55: =UPPER(T55) -> LARGE | V55: =LOWER(U55) -> large | W55: =PROPER(V55) -> Large | X55: =LEFT(A55,2) -> 10 | Y55: =RIGHT(A55,3) -> 424 | Z55: =MID(H55,6,6) -> ic Car | AA55: =MID(G55,4,3) -> Pro
A56: 10107 | B56: 39 | C56: 99.91 | D56: 5 | E56: 41103.076 | F56: 41105.138 | G56: Shipped | H56: Motorcycles | I56: NYC | J56: NY | K56: 10022 | L56: USA | M56: NA | N56: Yu | O56: Kwai | P56: =CONCATENATE(O56," ",N56) -> Kwai Yu | Q56: =O56&" "&N56 -> Kwai Yu | R56: Medium | S56: =LEN(R56) -> 6 | T56: =TRIM(R56) -> Medium | U56: =UPPER(T56) -> MEDIUM | V56: =LOWER(U56) -> medium | W56: =PROPER(V56) -> Medium | X56: =LEFT(A56,2) -> 10 | Y56: =RIGHT(A56,3) -> 107 | Z56: =MID(H56,6,6) -> cycles | AA56: =MID(G56,4,3) -> ppe
A57: 10120 | B57: 29 | C57: 96.34 | D57: 3 | E57: 41039.075 | F57: 41041.275 | G57: Shipped | H57: Motorcycles | I57: Melbourne | J57: Victoria | K57: 3004 | L57: Australia | M57: APAC | N57: Ferguson | O57: Peter | P57: =CONCATENATE(O57," ",N57) -> Peter Ferguson | Q57: =O57&" "&N57 -> Peter Ferguson | R57: Small | S57: =LEN(R57) -> 5 | T57: =TRIM(R57) -> Small | U57: =UPPER(T57) -> SMALL | V57: =LOWER(U57) -> small | W57: =PROPER(V57) -> Small | X57: =LEFT(A57,2) -> 10 | Y57: =RIGHT(A57,3) -> 120 | Z57: =MID(H57,6,6) -> cycles | AA57: =MID(G57,4,3) -> ppe
A58: 10134 | B58: 27 | C58: 100 | D58: 5 | E58: 40931.065 | F58: 40931.841 | G58: Shipped | H58: Motorcycles | I58: Paris | K58: 75508 | L58: France | M58: EMEA | N58: Da Cunha | O58: Daniel | P58: =CONCATENATE(O58," ",N58) -> Daniel Da Cunha | Q58: =O58&" "&N58 -> Daniel Da Cunha | R58: Medium | S58: =LEN(R58) -> 6 | T58: =TRIM(R58) -> Medium | U58: =UPPER(T58) -> MEDIUM | V58: =LOWER(U58) -> medium | W58: =PROPER(V58) -> Medium | X58: =LEFT(A58,2) -> 10 | Y58: =RIGHT(A58,3) -> 134 | Z58: =MID(H58,6,6) -> cycles | AA58: =MID(G58,4,3) -> ppe
A59: 10145 | B59: 37 | C59: 100 | D59: 9 | E59: 42667.003 | F59: 42668.648 | G59: Shipped | H59: Motorcycles | I59: Pasadena | J59: CA | K59: 90003 | L59: USA | M59: NA | N59: Young | O59: Julie | P59: =CONCATENATE(O59," ",N59) -> Julie Young | Q59: =O59&" "&N59 -> Julie Young | R59: Medium | S59: =LEN(R59) -> 6 | T59: =TRIM(R59) -> Medium | U59: =UPPER(T59) -> MEDIUM | V59: =LOWER(U59) -> medium | W59: =PROPER(V59) -> Medium | X59: =LEFT(A59,2) -> 10 | Y59: =RIGHT(A59,3) -> 145 | Z59: =MID(H59,6,6) -> cycles | AA59: =MID(G59,4,3) -> ppe
A60: 10159 | B60: 37 | C60: 100 | D60: 17 | E60: 41449.061 | F60: 41449.077 | G60: Shipped | H60: Motorcycles | I60: San Francisco | J60: CA | L60: USA | M60: NA | N60: Brown | O60: Julie | P60: =CONCATENATE(O60," ",N60) -> Julie Brown | Q60: =O60&" "&N60 -> Julie Brown | R60: Medium | S60: =LEN(R60) -> 6 | T60: =TRIM(R60) -> Medium | U60: =UPPER(T60) -> MEDIUM | V60: =LOWER(U60) -> medium | W60: =PROPER(V60) -> Medium | X60: =LEFT(A60,2) -> 10 | Y60: =RIGHT(A60,3) -> 159 | Z60: =MID(H60,6,6) -> cycles | AA60: =MID(G60,4,3) -> ppe
A61: 10168 | B61: 27 | C61: 100 | D61: 4 | E61: 42007.02 | F61: 42009.452 | G61: Shipped | H61: Motorcycles | I61: Burlingame | J61: CA | K61: 94217 | L61: USA | M61: NA | N61: Hirano | O61: Juri | P61: =CONCATENATE(O61," ",N61) -> Juri Hirano | Q61: =O61&" "&N61 -> Juri Hirano | R61: Medium | S61: =LEN(R61) -> 6 | T61: =TRIM(R61) -> Medium | U61: =UPPER(T61) -> MEDIUM | V61: =LOWER(U61) -> medium | W61: =PROPER(V61) -> Medium | X61: =LEFT(A61,2) -> 10 | Y61: =RIGHT(A61,3) -> 168 | Z61: =MID(H61,6,6) -> cycles | AA61: =MID(G61,4,3) -> ppe
A62: 10180 | B62: 42 | C62: 100 | D62: 12 | E62: 41932.028 | F62: 41932.255 | G62: Shipped | H62: Motorcycles | I62: Lille | K62: 59000 | L62: France | M62: EMEA | N62: Rance | O62: Martine | P62: =CONCATENATE(O62," ",N62) -> Martine Rance | Q62: =O62&" "&N62 -> Martine Rance | R62: Medium | S62: =LEN(R62) -> 6 | T62: =TRIM(R62) -> Medium | U62: =UPPER(T62) -> MEDIUM | V62: =LOWER(U62) -> medium | W62: =PROPER(V62) -> Medium | X62: =LEFT(A62,2) -> 10 | Y62: =RIGHT(A62,3) -> 180 | Z62: =MID(H62,6,6) -> cycles | AA62: =MID(G62,4,3) -> ppe
A63: 10188 | B63: 38 | C63: 96.34 | D63: 4 | E63: 42271.05 | F63: 42271.592 | G63: Shipped | H63: Motorcycles | I63: Bergen | K63: N 5804 | L63: Norway | M63: EMEA | N63: Oeztan | O63: Veysel | P63: =CONCATENATE(O63," ",N63) -> Veysel Oeztan | Q63: =O63&" "&N63 -> Veysel Oeztan | R63: Medium | S63: =LEN(R63) -> 6 | T63: =TRIM(R63) -> Medium | U63: =UPPER(T63) -> MEDIUM | V63: =LOWER(U63) -> medium | W63: =PROPER(V63) -> Medium | X63: =LEFT(A63,2) -> 10 | Y63: =RIGHT(A63,3) -> 188 | Z63: =MID(H63,6,6) -> cycles | AA63: =MID(G63,4,3) -> ppe
A64: 10201 | B64: 24 | C64: 100 | D64: 5 | E64: 41063.023 | F64: 41065.888 | G64: Shipped | H64: Motorcycles | I64: San Francisco | J64: CA | L64: USA | M64: NA | N64: Murphy | O64: Julie | P64: =CONCATENATE(O64," ",N64) -> Julie Murphy | Q64: =O64&" "&N64 -> Julie Murphy | R64: Medium | S64: =LEN(R64) -> 6 | T64: =TRIM(R64) -> Medium | U64: =UPPER(T64) -> MEDIUM | V64: =LOWER(U64) -> medium | W64: =PROPER(V64) -> Medium | X64: =LEFT(A64,2) -> 10 | Y64: =RIGHT(A64,3) -> 201 | Z64: =MID(H64,6,6) -> cycles | AA64: =MID(G64,4,3) -> ppe
A65: 10210 | B65: 23 | C65: 100 | D65: 2 | E65: 41406.015 | F65: 41408.087 | G65: Shipped | H65: Motorcycles | I65: Osaka | J65: Osaka | K65: 530-0003 | L65: Japan | M65: Japan | N65: Kentary | O65: Mory | P65: =CONCATENATE(O65," ",N65) -> Mory Kentary | Q65: =O65&" "&N65 -> Mory Kentary | R65: Medium | S65: =LEN(R65) -> 6 | T65: =TRIM(R65) -> Medium | U65: =UPPER(T65) -> MEDIUM | V65: =LOWER(U65) -> medium | W65: =PROPER(V65) -> Medium | X65: =LEFT(A65,2) -> 10 | Y65: =RIGHT(A65,3) -> 210 | Z65: =MID(H65,6,6) -> cycles | AA65: =MID(G65,4,3) -> ppe
A66: 10223 | B66: 47 | C66: 100 | D66: 4 | E66: 41806.941 | F66: 41809.7 | G66: Shipped | H66: Motorcycles | I66: Melbourne | J66: Victoria | K66: 3004 | L66: Australia | M66: APAC | N66: Ferguson | O66: Peter | P66: =CONCATENATE(O66," ",N66) -> Peter Ferguson | Q66: =O66&" "&N66 -> Peter Ferguson | R66: Medium | S66: =LEN(R66) -> 6 | T66: =TRIM(R66) -> Medium | U66: =UPPER(T66) -> MEDIUM | V66: =LOWER(U66) -> medium | W66: =PROPER(V66) -> Medium | X66: =LEFT(A66,2) -> 10 | Y66: =RIGHT(A66,3) -> 223 | Z66: =MID(H66,6,6) -> cycles | AA66: =MID(G66,4,3) -> ppe
A67: 10236 | B67: 22 | C67: 100 | D67: 1 | E67: 41716.975 | F67: 41718.797 | G67: Shipped | H67: Motorcycles | I67: Philadelphia | J67: PA | K67: 71270 | L67: USA | M67: NA | N67: Hernandez | O67: Rosa | P67: =CONCATENATE(O67," ",N67) -> Rosa Hernandez | Q67: =O67&" "&N67 -> Rosa Hernandez | R67: Small | S67: =LEN(R67) -> 5 | T67: =TRIM(R67) -> Small | U67: =UPPER(T67) -> SMALL | V67: =LOWER(U67) -> small | W67: =PROPER(V67) -> Small | X67: =LEFT(A67,2) -> 10 | Y67: =RIGHT(A67,3) -> 236 | Z67: =MID(H67,6,6) -> cycles | AA67: =MID(G67,4,3) -> ppe
A68: 10251 | B68: 44 | C68: 100 | D68: 5 | E68: 41581.98 | F68: 41583.041 | G68: Shipped | H68: Motorcycles | I68: Newark | J68: NJ | K68: 94019 | L68: USA | M68: NA | N68: Brown | O68: William | P68: =CONCATENATE(O68," ",N68) -> William Brown | Q68: =O68&" "&N68 -> William Brown | R68: Medium | S68: =LEN(R68) -> 6 | T68: =TRIM(R68) -> Medium | U68: =UPPER(T68) -> MEDIUM | V68: =LOWER(U68) -> medium | W68: =PROPER(V68) -> Medium | X68: =LEFT(A68,2) -> 10 | Y68: =RIGHT(A68,3) -> 251 | Z68: =MID(H68,6,6) -> cycles | AA68: =MID(G68,4,3) -> ppe
A69: 10263 | B69: 40 | C69: 100 | D69: 5 | E69: 41562.022 | F69: 41563.313 | G69: Shipped | H69: Motorcycles | I69: Bridgewater | J69: CT | K69: 97562 | L69: USA | M69: NA | N69: King | O69: Julie | P69: =CONCATENATE(O69," ",N69) -> Julie King | Q69: =O69&" "&N69 -> Julie King | R69: Medium | S69: =LEN(R69) -> 6 | T69: =TRIM(R69) -> Medium | U69: =UPPER(T69) -> MEDIUM | V69: =LOWER(U69) -> medium | W69: =PROPER(V69) -> Medium | X69: =LEFT(A69,2) -> 10 | Y69: =RIGHT(A69,3) -> 263 | Z69: =MID(H69,6,6) -> cycles | AA69: =MID(G69,4,3) -> ppe
A70: 10275 | B70: 22 | C70: 100 | D70: 4 | E70: 40999.073 | F70: 41001.029 | G70: Shipped | H70: Motorcycles | I70: Nantes | K70: 44000 | L70: France | M70: EMEA | N70: Labrune | O70: Janine | P70: =CONCATENATE(O70," ",N70) -> Janine Labrune | Q70: =O70&" "&N70 -> Janine Labrune | R70: Small | S70: =LEN(R70) -> 5 | T70: =TRIM(R70) -> Small | U70: =UPPER(T70) -> SMALL | V70: =LOWER(U70) -> small | W70: =PROPER(V70) -> Small | X70: =LEFT(A70,2) -> 10 | Y70: =RIGHT(A70,3) -> 275 | Z70: =MID(H70,6,6) -> cycles | AA70: =MID(G70,4,3) -> ppe
A71: 10285 | B71: 47 | C71: 100 | D71: 9 | E71: 41069.028 | F71: 41071.158 | G71: Shipped | H71: Motorcycles | I71: Cambridge | J71: MA | K71: 51247 | L71: USA | M71: NA | N71: Hernandez | O71: Marta | P71: =CONCATENATE(O71," ",N71) -> Marta Hernandez | Q71: =O71&" "&N71 -> Marta Hernandez | R71: Medium | S71: =LEN(R71) -> 6 | T71: =TRIM(R71) -> Medium | U71: =UPPER(T71) -> MEDIUM | V71: =LOWER(U71) -> medium | W71: =PROPER(V71) -> Medium | X71: =LEFT(A71,2) -> 10 | Y71: =RIGHT(A71,3) -> 285 | Z71: =MID(H71,6,6) -> cycles | AA71: =MID(G71,4,3) -> ppe
A72: 10298 | B72: 39 | C72: 96.34 | D72: 1 | E72: 41231.011 | F72: 41231.583 | G72: Shipped | H72: Motorcycles | I72: Nantes | K72: 44000 | L72: France | M72: EMEA | N72: Schmitt | O72: Carine | P72: =CONCATENATE(O72," ",N72) -> Carine Schmitt | Q72: =O72&" "&N72 -> Carine Schmitt | R72: Medium | S72: =LEN(R72) -> 6 | T72: =TRIM(R72) -> Medium | U72: =UPPER(T72) -> MEDIUM | V72: =LOWER(U72) -> medium | W72: =PROPER(V72) -> Medium | X72: =LEFT(A72,2) -> 10 | Y72: =RIGHT(A72,3) -> 298 | Z72: =MID(H72,6,6) -> cycles | AA72: =MID(G72,4,3) -> ppe
A73: 10308 | B73: 34 | C73: 100 | D73: 2 | E73: 41829.981 | F73: 41832.229 | G73: Shipped | H73: Motorcycles | I73: White Plains | J73: NY | K73: 24067 | L73: USA | M73: NA | N73: Frick | O73: Steve | P73: =CONCATENATE(O73," ",N73) -> Steve Frick | Q73: =O73&" "&N73 -> Steve Frick | R73: Medium | S73: =LEN(R73) -> 6 | T73: =TRIM(R73) -> Medium | U73: =UPPER(T73) -> MEDIUM | V73: =LOWER(U73) -> medium | W73: =PROPER(V73) -> Medium | X73: =LEFT(A73,2) -> 10 | Y73: =RIGHT(A73,3) -> 308 | Z73: =MID(H73,6,6) -> cycles | AA73: =MID(G73,4,3) -> ppe
A74: 10318 | B74: 45 | C74: 100 | D74: 4 | E74: 41174.023 | F74: 41176.389 | G74: Shipped | H74: Motorcycles | I74: Allentown | J74: PA | K74: 70267 | L74: USA | M74: NA | N74: Yu | O74: Kyung | P74: =CONCATENATE(O74," ",N74) -> Kyung Yu | Q74: =O74&" "&N74 -> Kyung Yu | R74: Medium | S74: =LEN(R74) -> 6 | T74: =TRIM(R74) -> Medium | U74: =UPPER(T74) -> MEDIUM | V74: =LOWER(U74) -> medium | W74: =PROPER(V74) -> Medium | X74: =LEFT(A74,2) -> 10 | Y74: =RIGHT(A74,3) -> 318 | Z74: =MID(H74,6,6) -> cycles | AA74: =MID(G74,4,3) -> ppe
A75: 10329 | B75: 20 | C75: 100 | D75: 2 | E75: 41823.001 | F75: 41823.804 | G75: Shipped | H75: Motorcycles | I75: NYC | J75: NY | K75: 10022 | L75: USA | M75: NA | N75: Yu | O75: Kwai | P75: =CONCATENATE(O75," ",N75) -> Kwai Yu | Q75: =O75&" "&N75 -> Kwai Yu | R75: Medium | S75: =LEN(R75) -> 6 | T75: =TRIM(R75) -> Medium | U75: =UPPER(T75) -> MEDIUM | V75: =LOWER(U75) -> medium | W75: =PROPER(V75) -> Medium | X75: =LEFT(A75,2) -> 10 | Y75: =RIGHT(A75,3) -> 329 | Z75: =MID(H75,6,6) -> cycles | AA75: =MID(G75,4,3) -> ppe
A76: 10339 | B76: 40 | C76: 68.92 | D76: 4 | E76: 41210.003 | F76: 41212.922 | G76: Shipped | H76: Motorcycles | I76: Minato-ku | J76: Tokyo | K76: 106-0032 | L76: Japan | M76: Japan | N76: Shimamura | O76: Akiko | P76: =CONCATENATE(O76," ",N76) -> Akiko Shimamura | Q76: =O76&" "&N76 -> Akiko Shimamura | R76: Small | S76: =LEN(R76) -> 5 | T76: =TRIM(R76) -> Small | U76: =UPPER(T76) -> SMALL | V76: =LOWER(U76) -> small | W76: =PROPER(V76) -> Small | X76: =LEFT(A76,2) -> 10 | Y76: =RIGHT(A76,3) -> 339 | Z76: =MID(H76,6,6) -> cycles | AA76: =MID(G76,4,3) -> ppe
A77: 10361 | B77: 26 | C77: 51.15 | D77: 8 | E77: 41303.06 | F77: 41305.08 | G77: Shipped | H77: Motorcycles | I77: Chatswood | J77: NSW | K77: 2067 | L77: Australia | M77: APAC | N77: Huxley | O77: Adrian | P77: =CONCATENATE(O77," ",N77) -> Adrian Huxley | Q77: =O77&" "&N77 -> Adrian Huxley | R77: Small | S77: =LEN(R77) -> 5 | T77: =TRIM(R77) -> Small | U77: =UPPER(T77) -> SMALL | V77: =LOWER(U77) -> small | W77: =PROPER(V77) -> Small | X77: =LEFT(A77,2) -> 10 | Y77: =RIGHT(A77,3) -> 361 | Z77: =MID(H77,6,6) -> cycles | AA77: =MID(G77,4,3) -> ppe
A78: 10374 | B78: 39 | C78: 100 | D78: 5 | E78: 42462.964 | F78: 42463.001 | G78: Shipped | H78: Motorcycles | I78: South Brisbane | J78: Queensland | K78: 4101 | L78: Australia | M78: APAC | N78: Calaghan | O78: Tony | P78: =CONCATENATE(O78," ",N78) -> Tony Calaghan | Q78: =O78&" "&N78 -> Tony Calaghan | R78: Medium | S78: =LEN(R78) -> 6 | T78: =TRIM(R78) -> Medium | U78: =UPPER(T78) -> MEDIUM | V78: =LOWER(U78) -> medium | W78: =PROPER(V78) -> Medium | X78: =LEFT(A78,2) -> 10 | Y78: =RIGHT(A78,3) -> 374 | Z78: =MID(H78,6,6) -> cycles | AA78: =MID(G78,4,3) -> ppe
A79: 10388 | B79: 50 | C79: 44.51 | D79: 5 | E79: 41626.024 | F79: 41626.341 | G79: Shipped | H79: Motorcycles | I79: New Bedford | J79: MA | K79: 50553 | L79: USA | M79: NA | N79: Benitez | O79: Violeta | P79: =CONCATENATE(O79," ",N79) -> Violeta Benitez | Q79: =O79&" "&N79 -> Violeta Benitez | R79: Small | S79: =LEN(R79) -> 5 | T79: =TRIM(R79) -> Small | U79: =UPPER(T79) -> SMALL | V79: =LOWER(U79) -> small | W79: =PROPER(V79) -> Small | X79: =LEFT(A79,2) -> 10 | Y79: =RIGHT(A79,3) -> 388 | Z79: =MID(H79,6,6) -> cycles | AA79: =MID(G79,4,3) -> ppe
A80: 10402 | B80: 45 | C80: 100 | D80: 1 | E80: 41589.014 | F80: 41589.952 | G80: Shipped | H80: Motorcycles | I80: Paris | K80: 75016 | L80: France | M80: EMEA | N80: Perrier | O80: Dominique | P80: =CONCATENATE(O80," ",N80) -> Dominique Perrier | Q80: =O80&" "&N80 -> Dominique Perrier | R80: Medium | S80: =LEN(R80) -> 6 | T80: =TRIM(R80) -> Medium | U80: =UPPER(T80) -> MEDIUM | V80: =LOWER(U80) -> medium | W80: =PROPER(V80) -> Medium | X80: =LEFT(A80,2) -> 10 | Y80: =RIGHT(A80,3) -> 402 | Z80: =MID(H80,6,6) -> cycles | AA80: =MID(G80,4,3) -> ppe
A81: 10417 | B81: 45 | C81: 100 | D81: 5 | E81: 41797.038 | F81: 41799.185 | G81: Disputed | H81: Motorcycles | I81: Madrid | K81: 28034 | L81: Spain | M81: EMEA | N81: Freyre | O81: Diego | P81: =CONCATENATE(O81," ",N81) -> Diego Freyre | Q81: =O81&" "&N81 -> Diego Freyre | R81: Medium | S81: =LEN(R81) -> 6 | T81: =TRIM(R81) -> Medium | U81: =UPPER(T81) -> MEDIUM | V81: =LOWER(U81) -> medium | W81: =PROPER(V81) -> Medium | X81: =LEFT(A81,2) -> 10 | Y81: =RIGHT(A81,3) -> 417 | Z81: =MID(H81,6,6) -> cycles | AA81: =MID(G81,4,3) -> put
A82: 10107 | B82: 27 | C82: 100 | D82: 4 | E82: 41013.061 | F82: 41015.273 | G82: Shipped | H82: Motorcycles | I82: NYC | J82: NY | K82: 10022 | L82: USA | M82: NA | N82: Yu | O82: Kwai | P82: =CONCATENATE(O82," ",N82) -> Kwai Yu | Q82: =O82&" "&N82 -> Kwai Yu | R82: Medium | S82: =LEN(R82) -> 6 | T82: =TRIM(R82) -> Medium | U82: =UPPER(T82) -> MEDIUM | V82: =LOWER(U82) -> medium | W82: =PROPER(V82) -> Medium | X82: =LEFT(A82,2) -> 10 | Y82: =RIGHT(A82,3) -> 107 | Z82: =MID(H82,6,6) -> cycles | AA82: =MID(G82,4,3) -> ppe
A83: 10120 | B83: 46 | C83: 100 | D83: 2 | E83: 41540.037 | F83: 41541.435 | G83: Shipped | H83: Motorcycles | I83: Melbourne | J83: Victoria | K83: 3004 | L83: Australia | M83: APAC | N83: Ferguson | O83: Peter | P83: =CONCATENATE(O83," ",N83) -> Peter Ferguson | Q83: =O83&" "&N83 -> Peter Ferguson | R83: Large | S83: =LEN(R83) -> 5 | T83: =TRIM(R83) -> Large | U83: =UPPER(T83) -> LARGE | V83: =LOWER(U83) -> large | W83: =PROPER(V83) -> Large | X83: =LEFT(A83,2) -> 10 | Y83: =RIGHT(A83,3) -> 120 | Z83: =MID(H83,6,6) -> cycles | AA83: =MID(G83,4,3) -> ppe
A84: 10134 | B84: 31 | C84: 100 | D84: 4 | E84: 41990.973 | F84: 41991.83 | G84: Shipped | H84: Motorcycles | I84: Paris | K84: 75508 | L84: France | M84: EMEA | N84: Da Cunha | O84: Daniel | P84: =CONCATENATE(O84," ",N84) -> Daniel Da Cunha | Q84: =O84&" "&N84 -> Daniel Da Cunha | R84: Large | S84: =LEN(R84) -> 5 | T84: =TRIM(R84) -> Large | U84: =UPPER(T84) -> LARGE | V84: =LOWER(U84) -> large | W84: =PROPER(V84) -> Large | X84: =LEFT(A84,2) -> 10 | Y84: =RIGHT(A84,3) -> 134 | Z84: =MID(H84,6,6) -> cycles | AA84: =MID(G84,4,3) -> ppe
A85: 10145 | B85: 33 | C85: 100 | D85: 8 | E85: 41677.968 | F85: 41678.093 | G85: Shipped | H85: Motorcycles | I85: Pasadena | J85: CA | K85: 90003 | L85: USA | M85: NA | N85: Young | O85: Julie | P85: =CONCATENATE(O85," ",N85) -> Julie Young | Q85: =O85&" "&N85 -> Julie Young | R85: Medium | S85: =LEN(R85) -> 6 | T85: =TRIM(R85) -> Medium | U85: =UPPER(T85) -> MEDIUM | V85: =LOWER(U85) -> medium | W85: =PROPER(V85) -> Medium | X85: =LEFT(A85,2) -> 10 | Y85: =RIGHT(A85,3) -> 145 | Z85: =MID(H85,6,6) -> cycles | AA85: =MID(G85,4,3) -> ppe
A86: 10159 | B86: 22 | C86: 100 | D86: 16 | E86: 42612.978 | F86: 42613.272 | G86: Shipped | H86: Motorcycles | I86: San Francisco | J86: CA | L86: USA | M86: NA | N86: Brown | O86: Julie | P86: =CONCATENATE(O86," ",N86) -> Julie Brown | Q86: =O86&" "&N86 -> Julie Brown | R86: Medium | S86: =LEN(R86) -> 6 | T86: =TRIM(R86) -> Medium | U86: =UPPER(T86) -> MEDIUM | V86: =LOWER(U86) -> medium | W86: =PROPER(V86) -> Medium | X86: =LEFT(A86,2) -> 10 | Y86: =RIGHT(A86,3) -> 159 | Z86: =MID(H86,6,6) -> cycles | AA86: =MID(G86,4,3) -> ppe
A87: 10168 | B87: 20 | C87: 100 | D87: 3 | E87: 41187.015 | F87: 41189.222 | G87: Shipped | H87: Motorcycles | I87: Burlingame | J87: CA | K87: 94217 | L87: USA | M87: NA | N87: Hirano | O87: Juri | P87: =CONCATENATE(O87," ",N87) -> Juri Hirano | Q87: =O87&" "&N87 -> Juri Hirano | R87: Medium | S87: =LEN(R87) -> 6 | T87: =TRIM(R87) -> Medium | U87: =UPPER(T87) -> MEDIUM | V87: =LOWER(U87) -> medium | W87: =PROPER(V87) -> Medium | X87: =LEFT(A87,2) -> 10 | Y87: =RIGHT(A87,3) -> 168 | Z87: =MID(H87,6,6) -> cycles | AA87: =MID(G87,4,3) -> ppe
A88: 10180 | B88: 41 | C88: 100 | D88: 11 | E88: 41311.002 | F88: 41312.406 | G88: Shipped | H88: Motorcycles | I88: Lille | K88: 59000 | L88: France | M88: EMEA | N88: Rance | O88: Martine | P88: =CONCATENATE(O88," ",N88) -> Martine Rance | Q88: =O88&" "&N88 -> Martine Rance | R88: Large | S88: =LEN(R88) -> 5 | T88: =TRIM(R88) -> Large | U88: =UPPER(T88) -> LARGE | V88: =LOWER(U88) -> large | W88: =PROPER(V88) -> Large | X88: =LEFT(A88,2) -> 10 | Y88: =RIGHT(A88,3) -> 180 | Z88: =MID(H88,6,6) -> cycles | AA88: =MID(G88,4,3) -> ppe
A89: 10188 | B89: 45 | C89: 100 | D89: 3 | E89: 40989.037 | F89: 40991.227 | G89: Shipped | H89: Motorcycles | I89: Bergen | K89: N 5804 | L89: Norway | M89: EMEA | N89: Oeztan | O89: Veysel | P89: =CONCATENATE(O89," ",N89) -> Veysel Oeztan | Q89: =O89&" "&N89 -> Veysel Oeztan | R89: Large | S89: =LEN(R89) -> 5 | T89: =TRIM(R89) -> Large | U89: =UPPER(T89) -> LARGE | V89: =LOWER(U89) -> large | W89: =PROPER(V89) -> Large | X89: =LEFT(A89,2) -> 10 | Y89: =RIGHT(A89,3) -> 188 | Z89: =MID(H89,6,6) -> cycles | AA89: =MID(G89,4,3) -> ppe
A90: 10201 | B90: 49 | C90: 100 | D90: 4 | E90: 42671.003 | F90: 42671.395 | G90: Shipped | H90: Motorcycles | I90: San Francisco | J90: CA | L90: USA | M90: NA | N90: Murphy | O90: Julie | P90: =CONCATENATE(O90," ",N90) -> Julie Murphy | Q90: =O90&" "&N90 -> Julie Murphy | R90: Large | S90: =LEN(R90) -> 5 | T90: =TRIM(R90) -> Large | U90: =UPPER(T90) -> LARGE | V90: =LOWER(U90) -> large | W90: =PROPER(V90) -> Large | X90: =LEFT(A90,2) -> 10 | Y90: =RIGHT(A90,3) -> 201 | Z90: =MID(H90,6,6) -> cycles | AA90: =MID(G90,4,3) -> ppe
A91: 10210 | B91: 34 | C91: 100 | D91: 1 | E91: 41651.983 | F91: 41654.88 | G91: Shipped | H91: Motorcycles | I91: Osaka | J91: Osaka | K91: 530-0003 | L91: Japan | M91: Japan | N91: Kentary | O91: Mory | P91: =CONCATENATE(O91," ",N91) -> Mory Kentary | Q91: =O91&" "&N91 -> Mory Kentary | R91: Medium | S91: =LEN(R91) -> 6 | T91: =TRIM(R91) -> Medium | U91: =UPPER(T91) -> MEDIUM | V91: =LOWER(U91) -> medium | W91: =PROPER(V91) -> Medium | X91: =LEFT(A91,2) -> 10 | Y91: =RIGHT(A91,3) -> 210 | Z91: =MID(H91,6,6) -> cycles | AA91: =MID(G91,4,3) -> ppe
A92: 10223 | B92: 49 | C92: 100 | D92: 3 | E92: 41476.008 | F92: 41478.48 | G92: Shipped | H92: Motorcycles | I92: Melbourne | J92: Victoria | K92: 3004 | L92: Australia | M92: APAC | N92: Ferguson | O92: Peter | P92: =CONCATENATE(O92," ",N92) -> Peter Ferguson | Q92: =O92&" "&N92 -> Peter Ferguson | R92: Large | S92: =LEN(R92) -> 5 | T92: =TRIM(R92) -> Large | U92: =UPPER(T92) -> LARGE | V92: =LOWER(U92) -> large | W92: =PROPER(V92) -> Large | X92: =LEFT(A92,2) -> 10 | Y92: =RIGHT(A92,3) -> 223 | Z92: =MID(H92,6,6) -> cycles | AA92: =MID(G92,4,3) -> ppe
A93: 10237 | B93: 39 | C93: 100 | D93: 9 | E93: 41948.045 | F93: 41950.053 | G93: Shipped | H93: Motorcycles | I93: NYC | J93: NY | K93: 10022 | L93: USA | M93: NA | N93: Frick | O93: Michael | P93: =CONCATENATE(O93," ",N93) -> Michael Frick | Q93: =O93&" "&N93 -> Michael Frick | R93: Large | S93: =LEN(R93) -> 5 | T93: =TRIM(R93) -> Large | U93: =UPPER(T93) -> LARGE | V93: =LOWER(U93) -> large | W93: =PROPER(V93) -> Large | X93: =LEFT(A93,2) -> 10 | Y93: =RIGHT(A93,3) -> 237 | Z93: =MID(H93,6,6) -> cycles | AA93: =MID(G93,4,3) -> ppe
A94: 10251 | B94: 43 | C94: 100 | D94: 4 | E94: 42017.005 | F94: 42019.232 | G94: Shipped | H94: Motorcycles | I94: Newark | J94: NJ | K94: 94019 | L94: USA | M94: NA | N94: Brown | O94: William | P94: =CONCATENATE(O94," ",N94) -> William Brown | Q94: =O94&" "&N94 -> William Brown | R94: Large | S94: =LEN(R94) -> 5 | T94: =TRIM(R94) -> Large | U94: =UPPER(T94) -> LARGE | V94: =LOWER(U94) -> large | W94: =PROPER(V94) -> Large | X94: =LEFT(A94,2) -> 10 | Y94: =RIGHT(A94,3) -> 251 | Z94: =MID(H94,6,6) -> cycles | AA94: =MID(G94,4,3) -> ppe
A95: 10263 | B95: 41 | C95: 100 | D95: 4 | E95: 42010.033 | F95: 42010.621 | G95: Shipped | H95: Motorcycles | I95: Bridgewater | J95: CT | K95: 97562 | L95: USA | M95: NA | N95: King | O95: Julie | P95: =CONCATENATE(O95," ",N95) -> Julie King | Q95: =O95&" "&N95 -> Julie King | R95: Large | S95: =LEN(R95) -> 5 | T95: =TRIM(R95) -> Large | U95: =UPPER(T95) -> LARGE | V95: =LOWER(U95) -> large | W95: =PROPER(V95) -> Large | X95: =LEFT(A95,2) -> 10 | Y95: =RIGHT(A95,3) -> 263 | Z95: =MID(H95,6,6) -> cycles | AA95: =MID(G95,4,3) -> ppe
A96: 10275 | B96: 36 | C96: 100 | D96: 3 | E96: 41573.069 | F96: 41575.601 | G96: Shipped | H96: Motorcycles | I96: Nantes | K96: 44000 | L96: France | M96: EMEA | N96: Labrune | O96: Janine | P96: =CONCATENATE(O96," ",N96) -> Janine Labrune | Q96: =O96&" "&N96 -> Janine Labrune | R96: Medium | S96: =LEN(R96) -> 6 | T96: =TRIM(R96) -> Medium | U96: =UPPER(T96) -> MEDIUM | V96: =LOWER(U96) -> medium | W96: =PROPER(V96) -> Medium | X96: =LEFT(A96,2) -> 10 | Y96: =RIGHT(A96,3) -> 275 | Z96: =MID(H96,6,6) -> cycles | AA96: =MID(G96,4,3) -> ppe
A97: 10285 | B97: 27 | C97: 100 | D97: 8 | E97: 42006.032 | F97: 42006.139 | G97: Shipped | H97: Motorcycles | I97: Cambridge | J97: MA | K97: 51247 | L97: USA | M97: NA | N97: Hernandez | O97: Marta | P97: =CONCATENATE(O97," ",N97) -> Marta Hernandez | Q97: =O97&" "&N97 -> Marta Hernandez | R97: Medium | S97: =LEN(R97) -> 6 | T97: =TRIM(R97) -> Medium | U97: =UPPER(T97) -> MEDIUM | V97: =LOWER(U97) -> medium | W97: =PROPER(V97) -> Medium | X97: =LEFT(A97,2) -> 10 | Y97: =RIGHT(A97,3) -> 285 | Z97: =MID(H97,6,6) -> cycles | AA97: =MID(G97,4,3) -> ppe
A98: 10299 | B98: 29 | C98: 100 | D98: 11 | E98: 41269.022 | F98: 41271.996 | G98: Shipped | H98: Motorcycles | I98: Helsinki | K98: 21240 | L98: Finland | M98: EMEA | N98: Karttunen | O98: Matti | P98: =CONCATENATE(O98," ",N98) -> Matti Karttunen | Q98: =O98&" "&N98 -> Matti Karttunen | R98: Medium | S98: =LEN(R98) -> 6 | T98: =TRIM(R98) -> Medium | U98: =UPPER(T98) -> MEDIUM | V98: =LOWER(U98) -> medium | W98: =PROPER(V98) -> Medium | X98: =LEFT(A98,2) -> 10 | Y98: =RIGHT(A98,3) -> 299 | Z98: =MID(H98,6,6) -> cycles | AA98: =MID(G98,4,3) -> ppe
A99: 10308 | B99: 20 | C99: 100 | D99: 1 | E99: 41082.984 | F99: 41083.64 | G99: Shipped | H99: Motorcycles | I99: White Plains | J99: NY | K99: 24067 | L99: USA | M99: NA | N99: Frick | O99: Steve | P99: =CONCATENATE(O99," ",N99) -> Steve Frick | Q99: =O99&" "&N99 -> Steve Frick | R99: Medium | S99: =LEN(R99) -> 6 | T99: =TRIM(R99) -> Medium | U99: =UPPER(T99) -> MEDIUM | V99: =LOWER(U99) -> medium | W99: =PROPER(V99) -> Medium | X99: =LEFT(A99,2) -> 10 | Y99: =RIGHT(A99,3) -> 308 | Z99: =MID(H99,6,6) -> cycles | AA99: =MID(G99,4,3) -> ppe
A100: 10318 | B100: 37 | C100: 100 | D100: 3 | E100: 41361.977 | F100: 41364.232 | G100: Shipped | H100: Motorcycles | I100: Allentown | J100: PA | K100: 70267 | L100: USA | M100: NA | N100: Yu | O100: Kyung | P100: =CONCATENATE(O100," ",N100) -> Kyung Yu | Q100: =O100&" "&N100 -> Kyung Yu | R100: Large | S100: =LEN(R100) -> 5 | T100: =TRIM(R100) -> Large | U100: =UPPER(T100) -> LARGE | V100: =LOWER(U100) -> large | W100: =PROPER(V100) -> Large | X100: =LEFT(A100,2) -> 10 | Y100: =RIGHT(A100,3) -> 318 | Z100: =MID(H100,6,6) -> cycles | AA100: =MID(G100,4,3) -> ppe
...

Sheet sumif_avgif_countif
A1: PRODUCTLINE | B1: total quantity ordered | C1: average quantity ordered | D1: total no of orders | E1: PRODUCTLINE | F1: total quantity ordered | G1: average quantity ordered | H1: total no of orders
A2: Motorcycles | B2: =SUMIF(vo_1111!$H$2:$H$2824,sumif_avgif_countif!$A2,vo_1111!$B$2:$B$2824) -> 11663 | C2: =AVERAGEIF(vo_1111!$H$2:$H$2824,sumif_avgif_countif!$A2,vo_1111!$B$2:$B$2824) -> 35.23565 | D2: =COUNTIF(vo_1111!$H$2:$H$2824,sumif_avgif_countif!$A2) -> 331 | E2: Motorcycles | F2: =SUMIF(vo_1111!$H$2:$H$2824,sumif_avgif_countif!$E2,vo_1111!$B$2:$B$2824) -> 11663 | G2: =AVERAGEIF(vo_1111!$H$2:$H$2824,sumif_avgif_countif!$E2,vo_1111!$B$2:$B$2824) -> 35.23565 | H2: =COUNTIF(vo_1111!$H$2:$H$2824,sumif_avgif_countif!$E2) -> 331
A3: Classic Cars | B3: =SUMIF(vo_1111!$H$2:$H$2824,sumif_avgif_countif!$A3,vo_1111!$B$2:$B$2824) -> 33992 | C3: =AVERAGEIF(vo_1111!$H$2:$H$2824,sumif_avgif_countif!$A3,vo_1111!$B$2:$B$2824) -> 35.152017 | D3: =COUNTIF(vo_1111!$H$2:$H$2824,sumif_avgif_countif!$A3) -> 967 | E3: Classic Cars | F3: =SUMIF(vo_1111!$H$2:$H$2824,sumif_avgif_countif!$E3,vo_1111!$B$2:$B$2824) -> 33992 | G3: =AVERAGEIF(vo_1111!$H$2:$H$2824,sumif_avgif_countif!$E3,vo_1111!$B$2:$B$2824) -> 35.152017 | H3: =COUNTIF(vo_1111!$H$2:$H$2824,sumif_avgif_countif!$E3) -> 967
A4: Trucks and Buses | B4: =SUMIF(vo_1111!$H$2:$H$2824,sumif_avgif_countif!$A4,vo_1111!$B$2:$B$2824) -> 10777 | C4: =AVERAGEIF(vo_1111!$H$2:$H$2824,sumif_avgif_countif!$A4,vo_1111!$B$2:$B$2824) -> 35.803987 | D4: =COUNTIF(vo_1111!$H$2:$H$2824,sumif_avgif_countif!$A4) -> 301 | E4: Trucks and Buses | F4: =SUMIF(vo_1111!$H$2:$H$2824,sumif_avgif_countif!$E4,vo_1111!$B$2:$B$2824) -> 10777 | G4: =AVERAGEIF(vo_1111!$H$2:$H$2824,sumif_avgif_countif!$E4,vo_1111!$B$2:$B$2824) -> 35.803987 | H4: =COUNTIF(vo_1111!$H$2:$H$2824,sumif_avgif_countif!$E4) -> 301
A5: Vintage Cars | B5: =SUMIF(vo_1111!$H$2:$H$2824,sumif_avgif_countif!$A5,vo_1111!$B$2:$B$2824) -> 21069 | C5: =AVERAGEIF(vo_1111!$H$2:$H$2824,sumif_avgif_countif!$A5,vo_1111!$B$2:$B$2824) -> 34.710049 | D5: =COUNTIF(vo_1111!$H$2:$H$2824,sumif_avgif_countif!$A5) -> 607 | E5: Vintage Cars | F5: =SUMIF(vo_1111!$H$2:$H$2824,sumif_avgif_countif!$E5,vo_1111!$B$2:$B$2824) -> 21069 | G5: =AVERAGEIF(vo_1111!$H$2:$H$2824,sumif_avgif_countif!$E5,vo_1111!$B$2:$B$2824) -> 34.710049 | H5: =COUNTIF(vo_1111!$H$2:$H$2824,sumif_avgif_countif!$E5) -> 607
A6: Planes | B6: =SUMIF(vo_1111!$H$2:$H$2824,sumif_avgif_countif!$A6,vo_1111!$B$2:$B$2824) -> 10727 | C6: =AVERAGEIF(vo_1111!$H$2:$H$2824,sumif_avgif_countif!$A6,vo_1111!$B$2:$B$2824) -> 35.055556 | D6: =COUNTIF(vo_1111!$H$2:$H$2824,sumif_avgif_countif!$A6) -> 306 | E6: Planes | F6: =SUMIF(vo_1111!$H$2:$H$2824,sumif_avgif_countif!$E6,vo_1111!$B$2:$B$2824) -> 10727 | G6: =AVERAGEIF(vo_1111!$H$2:$H$2824,sumif_avgif_countif!$E6,vo_1111!$B$2:$B$2824) -> 35.055556 | H6: =COUNTIF(vo_1111!$H$2:$H$2824,sumif_avgif_countif!$E6) -> 306
A7: Ships | B7: =SUMIF(vo_1111!$H$2:$H$2824,sumif_avgif_countif!$A7,vo_1111!$B$2:$B$2824) -> 8127 | C7: =AVERAGEIF(vo_1111!$H$2:$H$2824,sumif_avgif_countif!$A7,vo_1111!$B$2:$B$2824) -> 34.730769 | D7: =COUNTIF(vo_1111!$H$2:$H$2824,sumif_avgif_countif!$A7) -> 234 | E7: Ships | F7: =SUMIF(vo_1111!$H$2:$H$2824,sumif_avgif_countif!$E7,vo_1111!$B$2:$B$2824) -> 8127 | G7: =AVERAGEIF(vo_1111!$H$2:$H$2824,sumif_avgif_countif!$E7,vo_1111!$B$2:$B$2824) -> 34.730769 | H7: =COUNTIF(vo_1111!$H$2:$H$2824,sumif_avgif_countif!$E7) -> 234
A8: Trains | B8: =SUMIF(vo_1111!$H$2:$H$2824,sumif_avgif_countif!$A8,vo_1111!$B$2:$B$2824) -> 2712 | C8: =AVERAGEIF(vo_1111!$H$2:$H$2824,sumif_avgif_countif!$A8,vo_1111!$B$2:$B$2824) -> 35.220779 | D8: =COUNTIF(vo_1111!$H$2:$H$2824,sumif_avgif_countif!$A8) -> 77 | E8: Trains | F8: =SUMIF(vo_1111!$H$2:$H$2824,sumif_avgif_countif!$E8,vo_1111!$B$2:$B$2824) -> 2712 | G8: =AVERAGEIF(vo_1111!$H$2:$H$2824,sumif_avgif_countif!$E8,vo_1111!$B$2:$B$2824) -> 35.220779 | H8: =COUNTIF(vo_1111!$H$2:$H$2824,sumif_avgif_countif!$E8) -> 77

Sheet sumif_countif_avgif
A1: DEALSIZE | B1: total qty | C1: avg qty | D1: total orders
A2: Small | B2: =SUMIF(vo_1111!$R$2:$R$2824,sumif_countif_avgif!$A2,vo_1111!$B$2:$B$2824) -> 39134 | C2: =AVERAGEIF(vo_1111!$R$2:$R$2824,sumif_countif_avgif!$A2,vo_1111!$B$2:$B$2824) -> 30.525741 | D2: =COUNTIF(vo_1111!$R$2:$R$2824,sumif_countif_avgif!$A2) -> 1282
A3: Medium | B3: =SUMIF(vo_1111!$R$2:$R$2824,sumif_countif_avgif!$A3,vo_1111!$B$2:$B$2824) -> 52519 | C3: =AVERAGEIF(vo_1111!$R$2:$R$2824,sumif_countif_avgif!$A3,vo_1111!$B$2:$B$2824) -> 37.947254 | D3: =COUNTIF(vo_1111!$R$2:$R$2824,sumif_countif_avgif!$A3) -> 1384
A4: Large | B4: =SUMIF(vo_1111!$R$2:$R$2824,sumif_countif_avgif!$A4,vo_1111!$B$2:$B$2824) -> 7414 | C4: =AVERAGEIF(vo_1111!$R$2:$R$2824,sumif_countif_avgif!$A4,vo_1111!$B$2:$B$2824) -> 47.22293 | D4: =COUNTIF(vo_1111!$R$2:$R$2824,sumif_countif_avgif!$A4) -> 157

Sheet ifs
A1: DEALSIZE | B1: PRODUCTLINE | C1: total qty | D1: avg qty | E1: count orders | F1: PRODUCTLINE | G1: DEALSIZE | H1: total qty | I1: avg qty | J1: cnt orders
A2: Small | B2: Motorcycles | C2: =SUMIFS(vo_1111!$B$2:$B$2824,vo_1111!$R$2:$R$2824,ifs!$A2,vo_1111!$H$2:$H$2824,ifs!$B2) -> 4818 | D2: =AVERAGEIFS(vo_1111!$B$2:$B$2824,vo_1111!$R$2:$R$2824,ifs!$A2,vo_1111!$H$2:$H$2824,ifs!$B2) -> 30.884615 | E2: =COUNTIFS(vo_1111!$R$2:$R$2824,ifs!$A2,vo_1111!$H$2:$H$2824,ifs!$B2) -> 156 | F2: Motorcycles | G2: Small | H2: =SUMIFS(vo_1111!$B$2:$B$2824,vo_1111!$H$2:$H$2824,ifs!$F2,vo_1111!$R$2:$R$2824,ifs!$G2) -> 4818 | I2: =AVERAGEIFS(vo_1111!$B$2:$B$2824,vo_1111!$H$2:$H$2824,ifs!$F2,vo_1111!$R$2:$R$2824,ifs!$G2) -> 30.884615 | J2: =COUNTIFS(vo_1111!$H$2:$H$2824,ifs!$F2,vo_1111!$R$2:$R$2824,ifs!$G2) -> 156 | M2: deal size | N2: productline
A3: Medium | B3: Motorcycles | C3: =SUMIFS(vo_1111!$B$2:$B$2824,vo_1111!$R$2:$R$2824,ifs!$A3,vo_1111!$H$2:$H$2824,ifs!$B3) -> 5929 | D3: =AVERAGEIFS(vo_1111!$B$2:$B$2824,vo_1111!$R$2:$R$2824,ifs!$A3,vo_1111!$H$2:$H$2824,ifs!$B3) -> 38.00641 | E3: =COUNTIFS(vo_1111!$R$2:$R$2824,ifs!$A3,vo_1111!$H$2:$H$2824,ifs!$B3) -> 156 | F3: Motorcycles | G3: Medium | H3: =SUMIFS(vo_1111!$B$2:$B$2824,vo_1111!$H$2:$H$2824,ifs!$F3,vo_1111!$R$2:$R$2824,ifs!$G3) -> 5929 | I3: =AVERAGEIFS(vo_1111!$B$2:$B$2824,vo_1111!$H$2:$H$2824,ifs!$F3,vo_1111!$R$2:$R$2824,ifs!$G3) -> 38.00641 | J3: =COUNTIFS(vo_1111!$H$2:$H$2824,ifs!$F3,vo_1111!$R$2:$R$2824,ifs!$G3) -> 156 | M3: 3 | N3: 7
A4: Large | B4: Motorcycles | C4: =SUMIFS(vo_1111!$B$2:$B$2824,vo_1111!$R$2:$R$2824,ifs!$A4,vo_1111!$H$2:$H$2824,ifs!$B4) -> 916 | D4: =AVERAGEIFS(vo_1111!$B$2:$B$2824,vo_1111!$R$2:$R$2824,ifs!$A4,vo_1111!$H$2:$H$2824,ifs!$B4) -> 48.210526 | E4: =COUNTIFS(vo_1111!$R$2:$R$2824,ifs!$A4,vo_1111!$H$2:$H$2824,ifs!$B4) -> 19 | F4: Motorcycles | G4: Large | H4: =SUMIFS(vo_1111!$B$2:$B$2824,vo_1111!$H$2:$H$2824,ifs!$F4,vo_1111!$R$2:$R$2824,ifs!$G4) -> 916 | I4: =AVERAGEIFS(vo_1111!$B$2:$B$2824,vo_1111!$H$2:$H$2824,ifs!$F4,vo_1111!$R$2:$R$2824,ifs!$G4) -> 48.210526 | J4: =COUNTIFS(vo_1111!$H$2:$H$2824,ifs!$F4,vo_1111!$R$2:$R$2824,ifs!$G4) -> 19 | L4: total combs | M4: =M3*N3 -> 21
A5: Medium | B5: Classic Cars | C5: =SUMIFS(vo_1111!$B$2:$B$2824,vo_1111!$R$2:$R$2824,ifs!$A5,vo_1111!$H$2:$H$2824,ifs!$B5) -> 19178 | D5: =AVERAGEIFS(vo_1111!$B$2:$B$2824,vo_1111!$R$2:$R$2824,ifs!$A5,vo_1111!$H$2:$H$2824,ifs!$B5) -> 36.184906 | E5: =COUNTIFS(vo_1111!$R$2:$R$2824,ifs!$A5,vo_1111!$H$2:$H$2824,ifs!$B5) -> 530 | F5: Classic Cars | G5: Medium | H5: =SUMIFS(vo_1111!$B$2:$B$2824,vo_1111!$H$2:$H$2824,ifs!$F5,vo_1111!$R$2:$R$2824,ifs!$G5) -> 19178 | I5: =AVERAGEIFS(vo_1111!$B$2:$B$2824,vo_1111!$H$2:$H$2824,ifs!$F5,vo_1111!$R$2:$R$2824,ifs!$G5) -> 36.184906 | J5: =COUNTIFS(vo_1111!$H$2:$H$2824,ifs!$F5,vo_1111!$R$2:$R$2824,ifs!$G5) -> 530
A6: Large | B6: Classic Cars | C6: =SUMIFS(vo_1111!$B$2:$B$2824,vo_1111!$R$2:$R$2824,ifs!$A6,vo_1111!$H$2:$H$2824,ifs!$B6) -> 4506 | D6: =AVERAGEIFS(vo_1111!$B$2:$B$2824,vo_1111!$R$2:$R$2824,ifs!$A6,vo_1111!$H$2:$H$2824,ifs!$B6) -> 46.453608 | E6: =COUNTIFS(vo_1111!$R$2:$R$2824,ifs!$A6,vo_1111!$H$2:$H$2824,ifs!$B6) -> 97 | F6: Classic Cars | G6: Large | H6: =SUMIFS(vo_1111!$B$2:$B$2824,vo_1111!$H$2:$H$2824,ifs!$F6,vo_1111!$R$2:$R$2824,ifs!$G6) -> 4506 | I6: =AVERAGEIFS(vo_1111!$B$2:$B$2824,vo_1111!$H$2:$H$2824,ifs!$F6,vo_1111!$R$2:$R$2824,ifs!$G6) -> 46.453608 | J6: =COUNTIFS(vo_1111!$H$2:$H$2824,ifs!$F6,vo_1111!$R$2:$R$2824,ifs!$G6) -> 97
A7: Small | B7: Classic Cars | C7: =SUMIFS(vo_1111!$B$2:$B$2824,vo_1111!$R$2:$R$2824,ifs!$A7,vo_1111!$H$2:$H$2824,ifs!$B7) -> 10308 | D7: =AVERAGEIFS(vo_1111!$B$2:$B$2824,vo_1111!$R$2:$R$2824,ifs!$A7,vo_1111!$H$2:$H$2824,ifs!$B7) -> 30.317647 | E7: =COUNTIFS(vo_1111!$R$2:$R$2824,ifs!$A7,vo_1111!$H$2:$H$2824,ifs!$B7) -> 340 | F7: Classic Cars | G7: Small | H7: =SUMIFS(vo_1111!$B$2:$B$2824,vo_1111!$H$2:$H$2824,ifs!$F7,vo_1111!$R$2:$R$2824,ifs!$G7) -> 10308 | I7: =AVERAGEIFS(vo_1111!$B$2:$B$2824,vo_1111!$H$2:$H$2824,ifs!$F7,vo_1111!$R$2:$R$2824,ifs!$G7) -> 30.317647 | J7: =COUNTIFS(vo_1111!$H$2:$H$2824,ifs!$F7,vo_1111!$R$2:$R$2824,ifs!$G7) -> 340
A8: Medium | B8: Trucks and Buses | C8: =SUMIFS(vo_1111!$B$2:$B$2824,vo_1111!$R$2:$R$2824,ifs!$A8,vo_1111!$H$2:$H$2824,ifs!$B8) -> 6777 | D8: =AVERAGEIFS(vo_1111!$B$2:$B$2824,vo_1111!$R$2:$R$2824,ifs!$A8,vo_1111!$H$2:$H$2824,ifs!$B8) -> 38.725714 | E8: =COUNTIFS(vo_1111!$R$2:$R$2824,ifs!$A8,vo_1111!$H$2:$H$2824,ifs!$B8) -> 175 | F8: Trucks and Buses | G8: Medium | H8: =SUMIFS(vo_1111!$B$2:$B$2824,vo_1111!$H$2:$H$2824,ifs!$F8,vo_1111!$R$2:$R$2824,ifs!$G8) -> 6777 | I8: =AVERAGEIFS(vo_1111!$B$2:$B$2824,vo_1111!$H$2:$H$2824,ifs!$F8,vo_1111!$R$2:$R$2824,ifs!$G8) -> 38.725714 | J8: =COUNTIFS(vo_1111!$H$2:$H$2824,ifs!$F8,vo_1111!$R$2:$R$2824,ifs!$G8) -> 175
A9: Small | B9: Trucks and Buses | C9: =SUMIFS(vo_1111!$B$2:$B$2824,vo_1111!$R$2:$R$2824,ifs!$A9,vo_1111!$H$2:$H$2824,ifs!$B9) -> 3642 | D9: =AVERAGEIFS(vo_1111!$B$2:$B$2824,vo_1111!$R$2:$R$2824,ifs!$A9,vo_1111!$H$2:$H$2824,ifs!$B9) -> 30.605042 | E9: =COUNTIFS(vo_1111!$R$2:$R$2824,ifs!$A9,vo_1111!$H$2:$H$2824,ifs!$B9) -> 119 | F9: Trucks and Buses | G9: Small | H9: =SUMIFS(vo_1111!$B$2:$B$2824,vo_1111!$H$2:$H$2824,ifs!$F9,vo_1111!$R$2:$R$2824,ifs!$G9) -> 3642 | I9: =AVERAGEIFS(vo_1111!$B$2:$B$2824,vo_1111!$H$2:$H$2824,ifs!$F9,vo_1111!$R$2:$R$2824,ifs!$G9) -> 30.605042 | J9: =COUNTIFS(vo_1111!$H$2:$H$2824,ifs!$F9,vo_1111!$R$2:$R$2824,ifs!$G9) -> 119
A10: Large | B10: Trucks and Buses | C10: =SUMIFS(vo_1111!$B$2:$B$2824,vo_1111!$R$2:$R$2824,ifs!$A10,vo_1111!$H$2:$H$2824,ifs!$B10) -> 358 | D10: =AVERAGEIFS(vo_1111!$B$2:$B$2824,vo_1111!$R$2:$R$2824,ifs!$A10,vo_1111!$H$2:$H$2824,ifs!$B10) -> 51.142857 | E10: =COUNTIFS(vo_1111!$R$2:$R$2824,ifs!$A10,vo_1111!$H$2:$H$2824,ifs!$B10) -> 7 | F10: Trucks and Buses | G10: Large | H10: =SUMIFS(vo_1111!$B$2:$B$2824,vo_1111!$H$2:$H$2824,ifs!$F10,vo_1111!$R$2:$R$2824,ifs!$G10) -> 358 | I10: =AVERAGEIFS(vo_1111!$B$2:$B$2824,vo_1111!$H$2:$H$2824,ifs!$F10,vo_1111!$R$2:$R$2824,ifs!$G10) -> 51.142857 | J10: =COUNTIFS(vo_1111!$H$2:$H$2824,ifs!$F10,vo_1111!$R$2:$R$2824,ifs!$G10) -> 7
A11: Medium | B11: Vintage Cars | C11: =SUMIFS(vo_1111!$B$2:$B$2824,vo_1111!$R$2:$R$2824,ifs!$A11,vo_1111!$H$2:$H$2824,ifs!$B11) -> 10022 | D11: =AVERAGEIFS(vo_1111!$B$2:$B$2824,vo_1111!$R$2:$R$2824,ifs!$A11,vo_1111!$H$2:$H$2824,ifs!$B11) -> 38.398467 | E11: =COUNTIFS(vo_1111!$R$2:$R$2824,ifs!$A11,vo_1111!$H$2:$H$2824,ifs!$B11) -> 261 | F11: Vintage Cars | G11: Medium | H11: =SUMIFS(vo_1111!$B$2:$B$2824,vo_1111!$H$2:$H$2824,ifs!$F11,vo_1111!$R$2:$R$2824,ifs!$G11) -> 10022 | I11: =AVERAGEIFS(vo_1111!$B$2:$B$2824,vo_1111!$H$2:$H$2824,ifs!$F11,vo_1111!$R$2:$R$2824,ifs!$G11) -> 38.398467 | J11: =COUNTIFS(vo_1111!$H$2:$H$2824,ifs!$F11,vo_1111!$R$2:$R$2824,ifs!$G11) -> 261
A12: Small | B12: Vintage Cars | C12: =SUMIFS(vo_1111!$B$2:$B$2824,vo_1111!$R$2:$R$2824,ifs!$A12,vo_1111!$H$2:$H$2824,ifs!$B12) -> 9935 | D12: =AVERAGEIFS(vo_1111!$B$2:$B$2824,vo_1111!$R$2:$R$2824,ifs!$A12,vo_1111!$H$2:$H$2824,ifs!$B12) -> 30.854037 | E12: =COUNTIFS(vo_1111!$R$2:$R$2824,ifs!$A12,vo_1111!$H$2:$H$2824,ifs!$B12) -> 322 | F12: Vintage Cars | G12: Small | H12: =SUMIFS(vo_1111!$B$2:$B$2824,vo_1111!$H$2:$H$2824,ifs!$F12,vo_1111!$R$2:$R$2824,ifs!$G12) -> 9935 | I12: =AVERAGEIFS(vo_1111!$B$2:$B$2824,vo_1111!$H$2:$H$2824,ifs!$F12,vo_1111!$R$2:$R$2824,ifs!$G12) -> 30.854037 | J12: =COUNTIFS(vo_1111!$H$2:$H$2824,ifs!$F12,vo_1111!$R$2:$R$2824,ifs!$G12) -> 322
A13: Large | B13: Vintage Cars | C13: =SUMIFS(vo_1111!$B$2:$B$2824,vo_1111!$R$2:$R$2824,ifs!$A13,vo_1111!$H$2:$H$2824,ifs!$B13) -> 1112 | D13: =AVERAGEIFS(vo_1111!$B$2:$B$2824,vo_1111!$R$2:$R$2824,ifs!$A13,vo_1111!$H$2:$H$2824,ifs!$B13) -> 46.333333 | E13: =COUNTIFS(vo_1111!$R$2:$R$2824,ifs!$A13,vo_1111!$H$2:$H$2824,ifs!$B13) -> 24 | F13: Vintage Cars | G13: Large | H13: =SUMIFS(vo_1111!$B$2:$B$2824,vo_1111!$H$2:$H$2824,ifs!$F13,vo_1111!$R$2:$R$2824,ifs!$G13) -> 1112 | I13: =AVERAGEIFS(vo_1111!$B$2:$B$2824,vo_1111!$H$2:$H$2824,ifs!$F13,vo_1111!$R$2:$R$2824,ifs!$G13) -> 46.333333 | J13: =COUNTIFS(vo_1111!$H$2:$H$2824,ifs!$F13,vo_1111!$R$2:$R$2824,ifs!$G13) -> 24
A14: Medium | B14: Planes | C14: =SUMIFS(vo_1111!$B$2:$B$2824,vo_1111!$R$2:$R$2824,ifs!$A14,vo_1111!$H$2:$H$2824,ifs!$B14) -> 5250 | D14: =AVERAGEIFS(vo_1111!$B$2:$B$2824,vo_1111!$R$2:$R$2824,ifs!$A14,vo_1111!$H$2:$H$2824,ifs!$B14) -> 40.697674 | E14: =COUNTIFS(vo_1111!$R$2:$R$2824,ifs!$A14,vo_1111!$H$2:$H$2824,ifs!$B14) -> 129 | F14: Planes | G14: Medium | H14: =SUMIFS(vo_1111!$B$2:$B$2824,vo_1111!$H$2:$H$2824,ifs!$F14,vo_1111!$R$2:$R$2824,ifs!$G14) -> 5250 | I14: =AVERAGEIFS(vo_1111!$B$2:$B$2824,vo_1111!$H$2:$H$2824,ifs!$F14,vo_1111!$R$2:$R$2824,ifs!$G14) -> 40.697674 | J14: =COUNTIFS(vo_1111!$H$2:$H$2824,ifs!$F14,vo_1111!$R$2:$R$2824,ifs!$G14) -> 129
A15: Small | B15: Planes | C15: =SUMIFS(vo_1111!$B$2:$B$2824,vo_1111!$R$2:$R$2824,ifs!$A15,vo_1111!$H$2:$H$2824,ifs!$B15) -> 5000 | D15: =AVERAGEIFS(vo_1111!$B$2:$B$2824,vo_1111!$R$2:$R$2824,ifs!$A15,vo_1111!$H$2:$H$2824,ifs!$B15) -> 29.761905 | E15: =COUNTIFS(vo_1111!$R$2:$R$2824,ifs!$A15,vo_1111!$H$2:$H$2824,ifs!$B15) -> 168 | F15: Planes | G15: Small | H15: =SUMIFS(vo_1111!$B$2:$B$2824,vo_1111!$H$2:$H$2824,ifs!$F15,vo_1111!$R$2:$R$2824,ifs!$G15) -> 5000 | I15: =AVERAGEIFS(vo_1111!$B$2:$B$2824,vo_1111!$H$2:$H$2824,ifs!$F15,vo_1111!$R$2:$R$2824,ifs!$G15) -> 29.761905 | J15: =COUNTIFS(vo_1111!$H$2:$H$2824,ifs!$F15,vo_1111!$R$2:$R$2824,ifs!$G15) -> 168
A16: Large | B16: Planes | C16: =SUMIFS(vo_1111!$B$2:$B$2824,vo_1111!$R$2:$R$2824,ifs!$A16,vo_1111!$H$2:$H$2824,ifs!$B16) -> 477 | D16: =AVERAGEIFS(vo_1111!$B$2:$B$2824,vo_1111!$R$2:$R$2824,ifs!$A16,vo_1111!$H$2:$H$2824,ifs!$B16) -> 53 | E16: =COUNTIFS(vo_1111!$R$2:$R$2824,ifs!$A16,vo_1111!$H$2:$H$2824,ifs!$B16) -> 9 | F16: Planes | G16: Large | H16: =SUMIFS(vo_1111!$B$2:$B$2824,vo_1111!$H$2:$H$2824,ifs!$F16,vo_1111!$R$2:$R$2824,ifs!$G16) -> 477 | I16: =AVERAGEIFS(vo_1111!$B$2:$B$2824,vo_1111!$H$2:$H$2824,ifs!$F16,vo_1111!$R$2:$R$2824,ifs!$G16) -> 53 | J16: =COUNTIFS(vo_1111!$H$2:$H$2824,ifs!$F16,vo_1111!$R$2:$R$2824,ifs!$G16) -> 9
... A21: Large | B21: Trains | C21: =SUMIFS(vo_1111!$B$2:$B$2824,vo_1111!$R$2:$R$2824,ifs!$A21,vo_1111!$H$2:$H$2824,ifs!$B21) -> 45 | D21: =AVERAGEIFS(vo_1111!$B$2:$B$2824,vo_1111!$R$2:$R$2824,ifs!$A21,vo_1111!$H$2:$H$2824,ifs!$B21) -> 45 | E21: =COUNTIFS(vo_1111!$R$2:$R$2824,ifs!$A21,vo_1111!$H$2:$H$2824,ifs!$B21) -> 1 | F21: Trains | G21: Large | H21: =SUMIFS(vo_1111!$B$2:$B$2824,vo_1111!$H$2:$H$2824,ifs!$F21,vo_1111!$R$2:$R$2824,ifs!$G21) -> 45 | I21: =AVERAGEIFS(vo_1111!$B$2:$B$2824,vo_1111!$H$2:$H$2824,ifs!$F21,vo_1111!$R$2:$R$2824,ifs!$G21) -> 45 | J21: =COUNTIFS(vo_1111!$H$2:$H$2824,ifs!$F21,vo_1111!$R$2:$R$2824,ifs!$G21) -> 1

Sheet ifs_2
A1: STATUS | B1: DEALSIZE | C1: total qty | D1: avg qty | E1: count orders
A2: Shipped | B2: Small | C2: =SUMIFS(vo_1111!$B$2:$B$2824,vo_1111!$G$2:$G$2824,ifs_2!$A2,vo_1111!$R$2:$R$2824,ifs_2!$B2) -> 36637 | D2: =AVERAGEIFS(vo_1111!$B$2:$B$2824,vo_1111!$G$2:$G$2824,ifs_2!$A2,vo_1111!$R$2:$R$2824,ifs_2!$B2) -> 30.632943 | E2: =COUNTIFS(vo_1111!$G$2:$G$2824,ifs_2!$A2,vo_1111!$R$2:$R$2824,ifs_2!$B2) -> 1196
A3: Shipped | B3: Medium | C3: =SUMIFS(vo_1111!$B$2:$B$2824,vo_1111!$G$2:$G$2824,ifs_2!$A3,vo_1111!$R$2:$R$2824,ifs_2!$B3) -> 48219 | D3: =AVERAGEIFS(vo_1111!$B$2:$B$2824,vo_1111!$G$2:$G$2824,ifs_2!$A3,vo_1111!$R$2:$R$2824,ifs_2!$B3) -> 37.730047 | E3: =COUNTIFS(vo_1111!$G$2:$G$2824,ifs_2!$A3,vo_1111!$R$2:$R$2824,ifs_2!$B3) -> 1278
A4: Shipped | B4: Large | C4: =SUMIFS(vo_1111!$B$2:$B$2824,vo_1111!$G$2:$G$2824,ifs_2!$A4,vo_1111!$R$2:$R$2824,ifs_2!$B4) -> 6547 | D4: =AVERAGEIFS(vo_1111!$B$2:$B$2824,vo_1111!$G$2:$G$2824,ifs_2!$A4,vo_1111!$R$2:$R$2824,ifs_2!$B4) -> 45.783217 | E4: =COUNTIFS(vo_1111!$G$2:$G$2824,ifs_2!$A4,vo_1111!$R$2:$R$2824,ifs_2!$B4) -> 143
A5: Disputed | B5: Large | C5: =SUMIFS(vo_1111!$B$2:$B$2824,vo_1111!$G$2:$G$2824,ifs_2!$A5,vo_1111!$R$2:$R$2824,ifs_2!$B5) -> 296 | D5: =AVERAGEIFS(vo_1111!$B$2:$B$2824,vo_1111!$G$2:$G$2824,ifs_2!$A5,vo_1111!$R$2:$R$2824,ifs_2!$B5) -> 59.2 | E5: =COUNTIFS(vo_1111!$G$2:$G$2824,ifs_2!$A5,vo_1111!$R$2:$R$2824,ifs_2!$B5) -> 5
A6: In Process | B6: Large | C6: =SUMIFS(vo_1111!$B$2:$B$2824,vo_1111!$G$2:$G$2824,ifs_2!$A6,vo_1111!$R$2:$R$2824,ifs_2!$B6) -> 153 | D6: =AVERAGEIFS(vo_1111!$B$2:$B$2824,vo_1111!$G$2:$G$2824,ifs_2!$A6,vo_1111!$R$2:$R$2824,ifs_2!$B6) -> 51 | E6: =COUNTIFS(vo_1111!$G$2:$G$2824,ifs_2!$A6,vo_1111!$R$2:$R$2824,ifs_2!$B6) -> 3
A7: Disputed | B7: Medium | C7: =SUMIFS(vo_1111!$B$2:$B$2824,vo_1111!$G$2:$G$2824,ifs_2!$A7,vo_1111!$R$2:$R$2824,ifs_2!$B7) -> 184 | D7: =AVERAGEIFS(vo_1111!$B$2:$B$2824,vo_1111!$G$2:$G$2824,ifs_2!$A7,vo_1111!$R$2:$R$2824,ifs_2!$B7) -> 36.8 | E7: =COUNTIFS(vo_1111!$G$2:$G$2824,ifs_2!$A7,vo_1111!$R$2:$R$2824,ifs_2!$B7) -> 5
A8: Cancelled | B8: Medium | C8: =SUMIFS(vo_1111!$B$2:$B$2824,vo_1111!$G$2:$G$2824,ifs_2!$A8,vo_1111!$R$2:$R$2824,ifs_2!$B8) -> 1247 | D8: =AVERAGEIFS(vo_1111!$B$2:$B$2824,vo_1111!$G$2:$G$2824,ifs_2!$A8,vo_1111!$R$2:$R$2824,ifs_2!$B8) -> 37.787879 | E8: =COUNTIFS(vo_1111!$G$2:$G$2824,ifs_2!$A8,vo_1111!$R$2:$R$2824,ifs_2!$B8) -> 33
A9: Cancelled | B9: Small | C9: =SUMIFS(vo_1111!$B$2:$B$2824,vo_1111!$G$2:$G$2824,ifs_2!$A9,vo_1111!$R$2:$R$2824,ifs_2!$B9) -> 791 | D9: =AVERAGEIFS(vo_1111!$B$2:$B$2824,vo_1111!$G$2:$G$2824,ifs_2!$A9,vo_1111!$R$2:$R$2824,ifs_2!$B9) -> 29.296296 | E9: =COUNTIFS(vo_1111!$G$2:$G$2824,ifs_2!$A9,vo_1111!$R$2:$R$2824,ifs_2!$B9) -> 27
A10: On Hold | B10: Small | C10: =SUMIFS(vo_1111!$B$2:$B$2824,vo_1111!$G$2:$G$2824,ifs_2!$A10,vo_1111!$R$2:$R$2824,ifs_2!$B10) -> 409 | D10: =AVERAGEIFS(vo_1111!$B$2:$B$2824,vo_1111!$G$2:$G$2824,ifs_2!$A10,vo_1111!$R$2:$R$2824,ifs_2!$B10) -> 27.266667 | E10: =COUNTIFS(vo_1111!$G$2:$G$2824,ifs_2!$A10,vo_1111!$R$2:$R$2824,ifs_2!$B10) -> 15
A11: Resolved | B11: Medium | C11: =SUMIFS(vo_1111!$B$2:$B$2824,vo_1111!$G$2:$G$2824,ifs_2!$A11,vo_1111!$R$2:$R$2824,ifs_2!$B11) -> 1010 | D11: =AVERAGEIFS(vo_1111!$B$2:$B$2824,vo_1111!$G$2:$G$2824,ifs_2!$A11,vo_1111!$R$2:$R$2824,ifs_2!$B11) -> 38.846154 | E11: =COUNTIFS(vo_1111!$G$2:$G$2824,ifs_2!$A11,vo_1111!$R$2:$R$2824,ifs_2!$B11) -> 26
A12: On Hold | B12: Medium | C12: =SUMIFS(vo_1111!$B$2:$B$2824,vo_1111!$G$2:$G$2824,ifs_2!$A12,vo_1111!$R$2:$R$2824,ifs_2!$B12) -> 1097 | D12: =AVERAGEIFS(vo_1111!$B$2:$B$2824,vo_1111!$G$2:$G$2824,ifs_2!$A12,vo_1111!$R$2:$R$2824,ifs_2!$B12) -> 45.708333 | E12: =COUNTIFS(vo_1111!$G$2:$G$2824,ifs_2!$A12,vo_1111!$R$2:$R$2824,ifs_2!$B12) -> 24
A13: In Process | B13: Medium | C13: =SUMIFS(vo_1111!$B$2:$B$2824,vo_1111!$G$2:$G$2824,ifs_2!$A13,vo_1111!$R$2:$R$2824,ifs_2!$B13) -> 762 | D13: =AVERAGEIFS(vo_1111!$B$2:$B$2824,vo_1111!$G$2:$G$2824,ifs_2!$A13,vo_1111!$R$2:$R$2824,ifs_2!$B13) -> 42.333333 | E13: =COUNTIFS(vo_1111!$G$2:$G$2824,ifs_2!$A13,vo_1111!$R$2:$R$2824,ifs_2!$B13) -> 18
... A18: Disputed | B18: Small | C18: =SUMIFS(vo_1111!$B$2:$B$2824,vo_1111!$G$2:$G$2824,ifs_2!$A18,vo_1111!$R$2:$R$2824,ifs_2!$B18) -> 117 | D18: =AVERAGEIFS(vo_1111!$B$2:$B$2824,vo_1111!$G$2:$G$2824,ifs_2!$A18,vo_1111!$R$2:$R$2824,ifs_2!$B18) -> 29.25 | E18: =COUNTIFS(vo_1111!$G$2:$G$2824,ifs_2!$A18,vo_1111!$R$2:$R$2824,ifs_2!$B18) -> 4

Sheet Sheet10
B2: sum | E2: sumifs
B3: average | E3: averageifs
B4: sumif | E4: countifs
B5: averageif
B6: min
B7: max
B8: count
B9: countif
B10: countblank
B11: counta
B12: sumproduct
B13: referencing
B14: bar charts
B15: column charts
B16: pie charts
B17: line charts

Sheet Sheet5
A3: Row Labels | B3: Sum of Sales
A4: Classic Cars | B4: 0.35804932
A5: Motorcycles | B5: 0.11712695
A6: Planes | B6: 0.10589244
A7: Ships | B7: 0.081769347
A8: Trains | B8: 0.02458172
A9: Trucks and Buses | B9: 0.11426464
A10: Vintage Cars | B10: 0.19831558
A11: Grand Total | B11: 1

Sheet Sheet6
A3: Row Labels | B3: Count of sno
A4: Classic Cars | B4: 967
A5: Motorcycles | B5: 331
A6: Planes | B6: 306
A7: Ships | B7: 234
A8: Trains | B8: 77
A9: Trucks and Buses | B9: 301
A10: Vintage Cars | B10: 607
A11: Grand Total | B11: 2823

Sheet Sheet7
A1: product line | B1: count
A2: Classic Cars | B2: 967
A3: Motorcycles | B3: 331
A4: Planes | B4: 306
A5: Ships | B5: 234
A6: Trains | B6: 77
A7: Trucks and Buses | B7: 301
A8: Vintage Cars | B8: 607

Sheet Sheet4
A1: sno | B1: QUANTITYORDERED | C1: PRICEEACH | D1: Sales | E1: PRODUCTLINE
A2: 1 | B2: 30 | C2: 95.7 | D2: =B2*C2 -> 2871 | E2: Motorcycles
A3: 2 | B3: 34 | C3: 81.35 | D3: =B3*C3 -> 2765.9 | E3: Motorcycles
A4: 3 | B4: 41 | C4: 94.74 | D4: =B4*C4 -> 3884.34 | E4: Motorcycles | N4: total sales
A5: 4 | B5: 45 | C5: 83.26 | D5: =B5*C5 -> 3746.7 | E5: Motorcycles | N5: =SUM(D2:D2824) -> 8290886.8
A6: 5 | B6: 49 | C6: 100 | D6: =B6*C6 -> 4900 | E6: Motorcycles
A7: 6 | B7: 36 | C7: 96.66 | D7: =B7*C7 -> 3479.76 | E7: Motorcycles
A8: 7 | B8: 29 | C8: 86.13 | D8: =B8*C8 -> 2497.77 | E8: Motorcycles
A9: 8 | B9: 48 | C9: 100 | D9: =B9*C9 -> 4800 | E9: Motorcycles
A10: 9 | B10: 22 | C10: 98.57 | D10: =B10*C10 -> 2168.54 | E10: Motorcycles
A11: 10 | B11: 41 | C11: 100 | D11: =B11*C11 -> 4100 | E11: Motorcycles
A12: 11 | B12: 37 | C12: 100 | D12: =B12*C12 -> 3700 | E12: Motorcycles
A13: 12 | B13: 23 | C13: 100 | D13: =B13*C13 -> 2300 | E13: Motorcycles
A14: 13 | B14: 28 | C14: 100 | D14: =B14*C14 -> 2800 | E14: Motorcycles
A15: 14 | B15: 34 | C15: 100 | D15: =B15*C15 -> 3400 | E15: Motorcycles
A16: 15 | B16: 45 | C16: 92.83 | D16: =B16*C16 -> 4177.35 | E16: Motorcycles
A17: 16 | B17: 36 | C17: 100 | D17: =B17*C17 -> 3600 | E17: Motorcycles
... A2824: 2823 | B2824: 47 | C2824: 65.52 | D2824: =B2824*C2824 -> 3079.44 | E2824: Ships

Sheet Sheet8
A1: QUANTITYORDERED | B1: Sales
A2: 30 | B2: 2871
A3: 34 | B3: 2765.9
A4: 41 | B4: 3884.34
A5: 45 | B5: 3746.7
A6: 49 | B6: 4900
A7: 36 | B7: 3479.76
A8: 29 | B8: 2497.77
A9: 48 | B9: 4800
A10: 22 | B10: 2168.54
A11: 41 | B11: 4100
A12: 37 | B12: 3700
A13: 23 | B13: 2300
... A2824: 47 | B2824: 3079.44

Sheet Sheet9
B4: EID | C4: ENAME | D4: SALES19 | E4: SALES20 | F4: SALES21 | H4: Sales | I4: g
B5: 1 | C5: a | D5: 10 | E5: 110 | F5: 210 | H5: SALES19 | I5: =INDEX($B$4:$F$14,MATCH($I$4,$C$4:$C$14,0),MATCH(H5,$B$4:$F$4,0)) -> 80
B6: 2 | C6: b | D6: 20 | E6: 160 | F6: 200 | H6: SALES20 | I6: =INDEX($B$4:$F$14,MATCH($I$4,$C$4:$C$14,0),MATCH(H6,$B$4:$F$4,0)) -> 120
B7: 3 | C7: c | D7: 30 | E7: 150 | F7: 190 | H7: SALES21 | I7: =INDEX($B$4:$F$14,MATCH($I$4,$C$4:$C$14,0),MATCH(H7,$B$4:$F$4,0)) -> 240
B8: 4 | C8: d | D8: 40 | E8: 140 | F8: 220
B9: 5 | C9: e | D9: 50 | E9: 120 | F9: 222
B10: 6 | C10: f | D10: 60 | E10: 130 | F10: 230
B11: 7 | C11: g | D11: 80 | E11: 120 | F11: 240
B12: 8 | C12: h | D12: 90 | E12: 110 | F12: 250
B13: 9 | C13: i | D13: 70 | E13: 150 | F13: 210
B14: 10 | C14: j | D14: 100 | E14: 190 | F14: 230

Sheet Sheet2
D2: basic text functions: | L2: find out position of e
D3: len | L3: find | M3: search
D4: trim | K4: Excel | L4: 4 | M4: 1
C5: 5 | D5: upper | K5: Excel | L5: =FIND("e",K5) -> 4 | M5: =SEARCH("e",K5) -> 1
D6: lower
D7: proper | J7: full name | K7: first name | L7: last name
J8: physics wallah | K8: =LEFT(J8,7) -> physics | L8: =RIGHT(J8,6) -> wallah
D9: extract text functions: | J9: bansal classes | K9: =LEFT(J9,7) -> bansal | L9: =RIGHT(J9,6) -> lasses
D10: left
C11: 3 | D11: right | J11: physics wallah | K11: =LEFT(J11,FIND(" ",J11)-1) -> physics | L11: =RIGHT(J11,LEN(J11)-FIND(" ",J11)) -> wallah
D12: mid | J12: bansal classes | K12: =LEFT(J12,FIND(" ",J12)-1) -> bansal | L12: =RIGHT(J12,LEN(J12)-FIND(" ",J12)) -> classes
D14: finding position:
C15: 2 | D15: find | E15: case sensitive
D16: search | E16: not case sensitive
D18: replace or join text
D19: replace
C20: 4 | D20: substitute
D21: concat
D22: &
D24: replace
D25: physics wallah | F25: =REPLACE(D25,1,7,"maths") -> maths wallah
F26: =REPLACE(D25,9,6,"point") -> physics point
D28: substitute
D29: =SUBSTITUTE(D25,"physics","maths") -> maths wallah
D30: =SUBSTITUTE(D25,"wallah","point") -> physics point

Sheet Sheet3
F4: visualisations
F5: histogram
F6: pie chart
F7: bar chart
F8: column chart
F9: scatter plot
F10: box plot
F12: histogram
F13: 1. column | G13: numerical continuous
F14: marks, height, weight, age, bmi, price etc
F15: to see the distribution
F16: normal | G16: bell shaped curve, symmetric around mean
F17: skewed | G17: left
G18: right
F20: marks
F21: 100 students
F23: 2. pie chart/donut chart
F24: % contribution
F26: super store
F27: total sales | G27: 1000
F28: sections contributed how much towards total?
F29: veggies
F30: fruits
F31: groceries
F32: household items
F33: stationary
F34: etc
F36: veggies | G36: 200 | H36: 1000 | I36: =G36/H36 -> 0.2
F37: fruits | G37: 400 | H37: 1000 | I37: =G37/H37 -> 0.4
F38: stationary | G38: 100 | H38: 1000 | I38: =G38/H38 -> 0.1
F39: groceries | G39: 50 | H39: 1000 | I39: =G39/H39 -> 0.05
F40: dairy | G40: 250 | H40: 1000 | I40: =G40/H40 -> 0.25
F42: bar chart/column chart
F43: bar chart | H43: horizontal
F44: column chart | H44: vertical
F46: objective
F48: sid | G48: subject (optional)
F49: 1 | G49: maths
F50: 2 | G50: physics
F51: 3 | G51: chemistry
F52: 4 | G52: maths
F53: …
F54: 100 | G54: maths
F56: maths | G56: 40
F57: physics | G57: 25
F58: chemistry | G58: 35
G59: 100
F61: bar chart
F62: x axis | G62: frequency
F63: y axis | G63: subjects
F65: column chart
F66: x axis | G66: subjects
F67: y axis | G67: frequency
F69: scatter plot
F70: cols | G70: 2
F71: type | G71: numeric continuous
F72: objective | G72: relationship
G73: positive
G74: negative
G75: no
F77: yoe | G77: salary | H77: positive
F78: weight | G78: fitness | H78: negative
F79: FB | G79: skills | H79: no
F81: box plot
F82: objective: | G82: to detect outliers
F83: q1 | G83: quartile 1 | H83: 25th percentile
F84: q2 | G84: quartile 2 | H84: median | I84: 50th percentile
F85: q3 | G85: quartile 3 | H85: 75th percentile
F86: iqr | G86: inter quartile range | I86: q3-q1
F87: lower bound | H87: q1-1.5iqr
F88: upper bound | H88: q3+1.5iqr
F89: any point which lies outside of either of the bounds (lower or upper) -> outlier

Sheet Vlookup
A1: TABLE 1 | I1: TABLE 2
A2: EMPLOYEE ID | B2: LAST_NAME | C2: FIRST_NAME | D2: Pay | I2: EMPLOYEE ID | J2: PAY | K2: First_name | L2: Last_name
A3: 110608 | B3: Doe | C3: John | D3: =VLOOKUP($A3,$I$2:$J$15,2,FALSE) -> 131505 | I3: 990678 | J3: 84289 | K3: =VLOOKUP($I3,$A$2:$C$15,3,FALSE) -> Brad | L3: =VLOOKUP($I3,$A$2:$C$15,2,FALSE) -> Pitt
A4: 253072 | B4: Cline | C4: Andy | D4: =VLOOKUP($A4,$I$2:$J$15,2,FALSE) -> 149946 | I4: 830385 | J4: 137670 | K4: =VLOOKUP($I4,$A$2:$C$15,3,FALSE) -> Price | L4: =VLOOKUP($I4,$A$2:$C$15,2,FALSE) -> Williams
A5: 352711 | B5: Smith | C5: John | D5: =VLOOKUP($A5,$I$2:$J$15,2,FALSE) -> 89627 | I5: 795574 | J5: 190024 | K5: =VLOOKUP($I5,$A$2:$C$15,3,FALSE) -> Tony | L5: =VLOOKUP($I5,$A$2:$C$15,2,FALSE) -> Stark
A6: 391006 | B6: Pan | C6: Peter | D6: =VLOOKUP($A6,$I$2:$J$15,2,FALSE) -> 168114 | I6: 580622 | J6: 122604 | K6: =VLOOKUP($I6,$A$2:$C$15,3,FALSE) -> Eli | L6: =VLOOKUP($I6,$A$2:$C$15,2,FALSE) -> Manning
A7: 392128 | B7: Fawre | C7: Bret | D7: =VLOOKUP($A7,$I$2:$J$15,2,FALSE) -> 85931 | I7: 549427 | J7: 111700 | K7: =VLOOKUP($I7,$A$2:$C$15,3,FALSE) -> John | L7: =VLOOKUP($I7,$A$2:$C$15,2,FALSE) -> Elway
A8: 549427 | B8: Elway | C8: John | D8: =VLOOKUP($A8,$I$2:$J$15,2,FALSE) -> 111700 | I8: 392128 | J8: 85931 | K8: =VLOOKUP($I8,$A$2:$C$15,3,FALSE) -> Bret | L8: =VLOOKUP($I8,$A$2:$C$15,2,FALSE) -> Fawre
A9: 580622 | B9: Manning | C9: Eli | D9: =VLOOKUP($A9,$I$2:$J$15,2,FALSE) -> 122604 | I9: 391006 | J9: 168114 | K9: =VLOOKUP($I9,$A$2:$C$15,3,FALSE) -> Peter | L9: =VLOOKUP($I9,$A$2:$C$15,2,FALSE) -> Pan
A10: 602693 | B10: Vick | C10: Micheal | D10: =VLOOKUP($A10,$I$2:$J$15,2,FALSE) -> 71478 | I10: 352711 | J10: 89627 | K10: =VLOOKUP($I10,$A$2:$C$15,3,FALSE) -> John | L10: =VLOOKUP($I10,$A$2:$C$15,2,FALSE) -> Smith
A11: 611810 | B11: Woods | C11: Tiger | D11: =VLOOKUP($A11,$I$2:$J$15,2,FALSE) -> 64757 | I11: 253072 | J11: 149946 | K11: =VLOOKUP($I11,$A$2:$C$15,3,FALSE) -> Andy | L11: =VLOOKUP($I11,$A$2:$C$15,2,FALSE) -> Cline
A12: 612235 | B12: Jordan | C12: Micheal | D12: =VLOOKUP($A12,$I$2:$J$15,2,FALSE) -> 145893 | I12: 612235 | J12: 145893 | K12: =VLOOKUP($I12,$A$2:$C$15,3,FALSE) -> Micheal | L12: =VLOOKUP($I12,$A$2:$C$15,2,FALSE) -> Jordan
A13: 795574 | B13: Stark | C13: Tony | D13: =VLOOKUP($A13,$I$2:$J$15,2,FALSE) -> 190024 | I13: 611810 | J13: 64757 | K13: =VLOOKUP($I13,$A$2:$C$15,3,FALSE) -> Tiger | L13: =VLOOKUP($I13,$A$2:$C$15,2,FALSE) -> Woods
A14: 830385 | B14: Williams | C14: Price | D14: =VLOOKUP($A14,$I$2:$J$15,2,FALSE) -> 137670 | I14: 602693 | J14: 71478 | K14: =VLOOKUP($I14,$A$2:$C$15,3,FALSE) -> Micheal | L14: =VLOOKUP($I14,$A$2:$C$15,2,FALSE) -> Vick
A15: 990678 | B15: Pitt | C15: Brad | D15: =VLOOKUP($A15,$I$2:$J$15,2,FALSE) -> 84289 | I15: 110608 | J15: 131505 | K15: =VLOOKUP($I15,$A$2:$C$15,3,FALSE) -> John | L15: =VLOOKUP($I15,$A$2:$C$15,2,FALSE) -> Doe
F19: Vlookup | G19: vertical lookup | I19: top to bottom | J19: to look for a value
F20: Hlookup | G20: horizontal lookup | I20: left to right
F21: Xlookup

Sheet Xlookup
A1: STUDENT NAME | B1: A | C1: B | D1: C | E1: D | F1: E
A2: ACCOUNTS | B2: 75 | C2: 65 | D2: 70 | E2: 60 | F2: 59
A3: ECONOMICS | B3: 65 | C3: 72 | D3: 78 | E3: 89 | F3: 67
A4: MANAGEMENT | B4: 70 | C4: 68 | D4: 90 | E4: 72 | F4: 58
A5: MATHEMATICS | B5: 80 | C5: 90 | D5: 75 | E5: 65 | F5: 87
A8: Marks of D in management | B8: =HLOOKUP($E1,$A$1:$F$5,4,FALSE) -> 72
A9: Marks of A in accounts | B9: =HLOOKUP($B1,$A$1:$F$5,2,FALSE) -> 75
A10: Marks of B in economics | B10: =HLOOKUP($C1,$A$1:$F$5,3,FALSE) -> 72
A11: Marks of C in mathematics | B11: =HLOOKUP($D1,$A$1:$F$5,5,FALSE) -> 75
A12: Marks of E in management | B12: =HLOOKUP($F1,$A$1:$F$5,4,FALSE) -> 58
H13: eid | I13: ename | J13: sales_1 | K13: sales_2 | L13: sales_3
H14: 101 | I14: aman | J14: 10000 | K14: 20000 | L14: 45000
H15: 102 | I15: archit | J15: 20000 | K15: 23000 | L15: 43000
H16: 103 | I16: shubham | J16: 30000 | K16: 34000 | L16: 54000
A17: sales_1 in aakash | B17: =HLOOKUP($J13,$H$13:$L$23,7,FALSE) -> 34500 | H17: 104 | I17: shreya | J17: 23000 | K17: 45000 | L17: 98000
H18: 105 | I18: riya | J18: 250000 | K18: 56000 | L18: 96000
H19: 106 | I19: aakash | J19: 34500 | K19: 67000 | L19: 65000
H20: 107 | I20: dhruv | J20: 56000 | K20: 78000 | L20: 64000
H21: 108 | I21: lipin | J21: 76000 | K21: 54000 | L21: 63000
H22: 109 | I22: nitin | J22: 89000 | K22: 87000 | L22: 85000
H23: 110 | I23: pratham | J23: 65000 | K23: 65000 | L23: 87000

Sheet Sheet1
A1: ORDERDATE | B1: ORDERTIME | C1: YEAR | D1: MONTH | E1: DAY
A2: 41623 | B2: 0.034722222 | C2: =TEXT(A2,"YY") -> 13 | D2: =TEXT(A2,"mm") -> 12 | E2: =TEXT(A2,"dd") -> 15
A3: 41758 | B3: 0.98611111 | C3: =TEXT(A3,"YY") -> 14 | D3: =TEXT(A3,"mm") -> 04 | E3: =TEXT(A3,"dd") -> 29
A4: 41273 | B4: 0.014583333 | C4: =TEXT(A4,"YY") -> 12 | D4: =TEXT(A4,"mm") -> 12 | E4: =TEXT(A4,"dd") -> 30
A5: 41971 | B5: 0.021527778 | C5: =TEXT(A5,"YY") -> 14 | D5: =TEXT(A5,"mm") -> 11 | E5: =TEXT(A5,"dd") -> 28
A6: 41573 | B6: 0.96597222 | C6: =TEXT(A6,"YY") -> 13 | D6: =TEXT(A6,"mm") -> 10 | E6: =TEXT(A6,"dd") -> 26
A7: 42437 | B7: 0.95277778 | C7: =TEXT(A7,"YY") -> 16 | D7: =TEXT(A7,"mm") -> 03 | E7: =TEXT(A7,"dd") -> 08
A8: 41688 | B8: 0.015972222 | C8: =TEXT(A8,"YY") -> 14 | D8: =TEXT(A8,"mm") -> 02 | E8: =TEXT(A8,"dd") -> 18
A9: 41236 | B9: 0.048611111 | C9: =TEXT(A9,"YY") -> 12 | D9: =TEXT(A9,"mm") -> 11 | E9: =TEXT(A9,"dd") -> 23
A10: 41996 | B10: 0.055555556 | C10: =TEXT(A10,"YY") -> 14 | D10: =TEXT(A10,"mm") -> 12 | E10: =TEXT(A10,"dd") -> 23
A11: 41216 | B11: 0.99027778 | C11: =TEXT(A11,"YY") -> 12 | D11: =TEXT(A11,"mm") -> 11 | E11: =TEXT(A11,"dd") -> 03
A12: 41481 | B12: 0.0076388889 | C12: =TEXT(A12,"YY") -> 13 | D12: =TEXT(A12,"mm") -> 07 | E12: =TEXT(A12,"dd") -> 26
A13: 41626 | B13: 0.027083333 | C13: =TEXT(A13,"YY") -> 13 | D13: =TEXT(A13,"mm") -> 12 | E13: =TEXT(A13,"dd") -> 18
... A2824: 42247 | B2824: 0.0013888889 | C2824: =TEXT(A2824,"YY") -> 15 | D2824: =TEXT(A2824,"mm") -> 08 | E2824: =TEXT(A2824,"dd") -> 31
